from_name,to_name,email_count,from_org,to_org
Lucas Alcazar,Isak Baza,42,GAStech,GAStech
Mat Bramar,Anda Ribera,37,GAStech,GAStech
Mat Bramar,Rachel Pantanal,37,GAStech,GAStech
Mat Bramar,Linda Lagos,37,GAStech,GAStech
Mat Bramar,Ruscella Mies Haber,37,GAStech,GAStech
Mat Bramar,Carla Forluniau,37,GAStech,GAStech
Mat Bramar,Cornelia Lais,37,GAStech,GAStech
Isak Baza,Lucas Alcazar,33,GAStech,GAStech
Isak Baza,Sven Flecha,33,GAStech,GAStech
Lucas Alcazar,Sven Flecha,32,GAStech,GAStech
Nils Calixto,Sven Flecha,31,GAStech,GAStech
Nils Calixto,Lucas Alcazar,31,GAStech,GAStech
Sven Flecha,Nils Calixto,29,GAStech,GAStech
Isak Baza,Nils Calixto,26,GAStech,GAStech
Bertrand Ovan,Emile Arpa,25,GAStech,GAStech
Bertrand Ovan,Henk Mies,25,GAStech,GAStech
Bertrand Ovan,Valeria Morlun,25,GAStech,GAStech
Lucas Alcazar,Nils Calixto,24,GAStech,GAStech
Bertrand Ovan,Dante Coginian,24,GAStech,GAStech
Bertrand Ovan,Albina Hafon,24,GAStech,GAStech
Bertrand Ovan,Benito Hawelon,24,GAStech,GAStech
Bertrand Ovan,Claudio Hawelon,24,GAStech,GAStech
Bertrand Ovan,Adan Morlun,24,GAStech,GAStech
Bertrand Ovan,Irene Nant,24,GAStech,GAStech
Bertrand Ovan,Dylan Scozzese,24,GAStech,GAStech
Cornelia Lais,Anda Ribera,24,GAStech,GAStech
Ruscella Mies Haber,Mat Bramar,24,GAStech,GAStech
Ruscella Mies Haber,Anda Ribera,24,GAStech,GAStech
Ruscella Mies Haber,Rachel Pantanal,24,GAStech,GAStech
Ruscella Mies Haber,Linda Lagos,24,GAStech,GAStech
Ruscella Mies Haber,Carla Forluniau,24,GAStech,GAStech
Ruscella Mies Haber,Cornelia Lais,24,GAStech,GAStech
Sven Flecha,Isak Baza,24,GAStech,GAStech
Bertrand Ovan,Varro Awelon,23,GAStech,GAStech
Bertrand Ovan,Cecilia Morluniau,23,GAStech,GAStech
Nils Calixto,Isak Baza,23,GAStech,GAStech
Henk Mies,Benito Hawelon,23,GAStech,GAStech
Sten Sanjorge Jr ,Sten Sanjorge Jr,23,GAStech,GAStech
Mat Bramar,Varro Awelon,22,GAStech,GAStech
Cornelia Lais,Mat Bramar,21,GAStech,GAStech
Cornelia Lais,Rachel Pantanal,21,GAStech,GAStech
Cornelia Lais,Linda Lagos,21,GAStech,GAStech
Cornelia Lais,Ruscella Mies Haber,21,GAStech,GAStech
Cornelia Lais,Carla Forluniau,21,GAStech,GAStech
Mat Bramar,Dante Coginian,20,GAStech,GAStech
Sven Flecha,Lucas Alcazar,20,GAStech,GAStech
Henk Mies,Albina Hafon,20,GAStech,GAStech
Sten Sanjorge Jr ,Ada Campo-Corrente,20,GAStech,GAStech
Carla Forluniau,Mat Bramar,19,GAStech,GAStech
Carla Forluniau,Anda Ribera,19,GAStech,GAStech
Carla Forluniau,Rachel Pantanal,19,GAStech,GAStech
Carla Forluniau,Linda Lagos,19,GAStech,GAStech
Carla Forluniau,Ruscella Mies Haber,19,GAStech,GAStech
Carla Forluniau,Cornelia Lais,19,GAStech,GAStech
Mat Bramar,Lars Azada,19,GAStech,GAStech
Mat Bramar,Felix Balas,19,GAStech,GAStech
Mat Bramar,Isande Borrasca,19,GAStech,GAStech
Mat Bramar,Axel Calzas,19,GAStech,GAStech
Mat Bramar,Gustav Cazar,19,GAStech,GAStech
Mat Bramar,Lidelse Dedos,19,GAStech,GAStech
Mat Bramar,Birgitta Frente,19,GAStech,GAStech
Mat Bramar,Vira Frente,19,GAStech,GAStech
Mat Bramar,Adra Nubarron,19,GAStech,GAStech
Mat Bramar,Marin Onda,19,GAStech,GAStech
Mat Bramar,Kare Orilla,19,GAStech,GAStech
Mat Bramar,Elsa Orilla,19,GAStech,GAStech
Mat Bramar,Brand Tempestad,19,GAStech,GAStech
Mat Bramar,Ingrid Barranco,19,GAStech,GAStech
Mat Bramar,Ada Campo-Corrente,19,GAStech,GAStech
Mat Bramar,Sten Sanjorge Jr,19,GAStech,GAStech
Mat Bramar,Orhan Strum,19,GAStech,GAStech
Mat Bramar,Willem Vasco-Pais,19,GAStech,GAStech
Mat Bramar,Bertrand Ovan,19,GAStech,GAStech
Mat Bramar,Albina Hafon,19,GAStech,GAStech
Mat Bramar,Benito Hawelon,19,GAStech,GAStech
Mat Bramar,Claudio Hawelon,19,GAStech,GAStech
Mat Bramar,Henk Mies,19,GAStech,GAStech
Mat Bramar,Valeria Morlun,19,GAStech,GAStech
Mat Bramar,Adan Morlun,19,GAStech,GAStech
Mat Bramar,Cecilia Morluniau,19,GAStech,GAStech
Mat Bramar,Irene Nant,19,GAStech,GAStech
Mat Bramar,Dylan Scozzese,19,GAStech,GAStech
Mat Bramar,Lucas Alcazar,19,GAStech,GAStech
Mat Bramar,Isak Baza,19,GAStech,GAStech
Mat Bramar,Linnea Bergen,19,GAStech,GAStech
Mat Bramar,Nils Calixto,19,GAStech,GAStech
Mat Bramar,Sven Flecha,19,GAStech,GAStech
Mat Bramar,Hideki Cocinaro,19,GAStech,GAStech
Mat Bramar,Inga Ferro,19,GAStech,GAStech
Mat Bramar,Loreto Bodrogi,19,GAStech,GAStech
Mat Bramar,Isia Vann,19,GAStech,GAStech
Mat Bramar,Stenig Fusil,19,GAStech,GAStech
Mat Bramar,Hennie Osvaldo,19,GAStech,GAStech
Mat Bramar,Kanon Herrero,19,GAStech,GAStech
Mat Bramar,Varja Lagos,19,GAStech,GAStech
Mat Bramar,Minke Mies,19,GAStech,GAStech
Mat Bramar,Felix Resumir,19,GAStech,GAStech
Mat Bramar,Edvard Vann,19,GAStech,GAStech
Mat Bramar,Emile Arpa,19,GAStech,GAStech
Henk Mies,Adan Morlun,19,GAStech,GAStech
Ingrid Barranco,Ada Campo-Corrente,19,GAStech,GAStech
Linda Lagos,Mat Bramar,18,GAStech,GAStech
Linda Lagos,Anda Ribera,18,GAStech,GAStech
Linda Lagos,Rachel Pantanal,18,GAStech,GAStech
Linda Lagos,Ruscella Mies Haber,18,GAStech,GAStech
Linda Lagos,Carla Forluniau,18,GAStech,GAStech
Linda Lagos,Cornelia Lais,18,GAStech,GAStech
Henk Mies,Dylan Scozzese,18,GAStech,GAStech
Ada Campo-Corrente,Sten Sanjorge Jr,18,GAStech,GAStech
Albina Hafon,Dylan Scozzese,17,GAStech,GAStech
Anda Ribera,Cornelia Lais,17,GAStech,GAStech
Henk Mies,Valeria Morlun,17,GAStech,GAStech
Dylan Scozzese,Albina Hafon,17,GAStech,GAStech
Henk Mies,Irene Nant,16,GAStech,GAStech
Henk Mies,Claudio Hawelon,16,GAStech,GAStech
Rachel Pantanal,Ruscella Mies Haber,16,GAStech,GAStech
Henk Mies,Cecilia Morluniau,16,GAStech,GAStech
Willem Vasco-Pais,Orhan Strum,15,GAStech,GAStech
Adan Morlun,Dylan Scozzese,15,GAStech,GAStech
Dylan Scozzese,Adan Morlun,15,GAStech,GAStech
Sten Sanjorge Jr ,Willem Vasco-Pais,14,GAStech,GAStech
Albina Hafon,Benito Hawelon,14,GAStech,GAStech
Benito Hawelon,Albina Hafon,14,GAStech,GAStech
Anda Ribera,Mat Bramar,14,GAStech,GAStech
Anda Ribera,Rachel Pantanal,14,GAStech,GAStech
Anda Ribera,Linda Lagos,14,GAStech,GAStech
Anda Ribera,Ruscella Mies Haber,14,GAStech,GAStech
Anda Ribera,Carla Forluniau,14,GAStech,GAStech
Claudio Hawelon,Irene Nant,14,GAStech,GAStech
Lars Azada,Axel Calzas,14,GAStech,GAStech
Dylan Scozzese,Irene Nant,14,GAStech,GAStech
Dylan Scozzese,Valeria Morlun,14,GAStech,GAStech
Henk Mies,Emile Arpa,14,GAStech,GAStech
Rachel Pantanal,Mat Bramar,14,GAStech,GAStech
Rachel Pantanal,Anda Ribera,14,GAStech,GAStech
Rachel Pantanal,Linda Lagos,14,GAStech,GAStech
Rachel Pantanal,Carla Forluniau,14,GAStech,GAStech
Rachel Pantanal,Cornelia Lais,14,GAStech,GAStech
Henk Mies,Dante Coginian,14,GAStech,GAStech
Claudio Hawelon,Albina Hafon,13,GAStech,GAStech
Axel Calzas,Lars Azada,12,GAStech,GAStech
Claudio Hawelon,Cecilia Morluniau,12,GAStech,GAStech
Adan Morlun,Henk Mies,12,GAStech,GAStech
Adan Morlun,Valeria Morlun,12,GAStech,GAStech
Benito Hawelon,Henk Mies,12,GAStech,GAStech
Ruscella Mies Haber,Adra Nubarron,12,GAStech,GAStech
Ruscella Mies Haber,Inga Ferro,12,GAStech,GAStech
Ruscella Mies Haber,Loreto Bodrogi,12,GAStech,GAStech
Ruscella Mies Haber,Isia Vann,12,GAStech,GAStech
Ruscella Mies Haber,Hennie Osvaldo,12,GAStech,GAStech
Ruscella Mies Haber,Minke Mies,12,GAStech,GAStech
Dylan Scozzese,Cecilia Morluniau,12,GAStech,GAStech
Dylan Scozzese,Claudio Hawelon,12,GAStech,GAStech
Lars Azada,Lidelse Dedos,12,GAStech,GAStech
Adan Morlun,Albina Hafon,12,GAStech,GAStech
Isande Borrasca,Kare Orilla,12,GAStech,GAStech
Elsa Orilla,Lars Azada,12,GAStech,GAStech
Elsa Orilla,Marin Onda,12,GAStech,GAStech
Elsa Orilla,Kare Orilla,12,GAStech,GAStech
Elsa Orilla,Brand Tempestad,12,GAStech,GAStech
Albina Hafon,Cecilia Morluniau,12,GAStech,GAStech
Willem Vasco-Pais,Ada Campo-Corrente,12,GAStech,GAStech
Sten Sanjorge Jr ,Orhan Strum,11,GAStech,GAStech
Albina Hafon,Irene Nant,11,GAStech,GAStech
Orhan Strum,Willem Vasco-Pais,11,GAStech,GAStech
Benito Hawelon,Claudio Hawelon,11,GAStech,GAStech
Albina Hafon,Henk Mies,11,GAStech,GAStech
Ruscella Mies Haber,Ada Campo-Corrente,11,GAStech,GAStech
Dylan Scozzese,Emile Arpa,11,GAStech,GAStech
Henk Mies,Varro Awelon,11,GAStech,GAStech
Claudio Hawelon,Adan Morlun,11,GAStech,GAStech
Claudio Hawelon,Henk Mies,11,GAStech,GAStech
Isande Borrasca,Axel Calzas,11,GAStech,GAStech
Ingrid Barranco,Orhan Strum,11,GAStech,GAStech
Ingrid Barranco,Sten Sanjorge Jr,11,GAStech,GAStech
Elsa Orilla,Axel Calzas,11,GAStech,GAStech
Elsa Orilla,Gustav Cazar,11,GAStech,GAStech
Elsa Orilla,Adra Nubarron,11,GAStech,GAStech
Ada Campo-Corrente,Orhan Strum,11,GAStech,GAStech
Ada Campo-Corrente,Willem Vasco-Pais,11,GAStech,GAStech
Inga Ferro,Minke Mies,11,GAStech,GAStech
Axel Calzas,Elsa Orilla,10,GAStech,GAStech
Albina Hafon,Adan Morlun,10,GAStech,GAStech
Benito Hawelon,Valeria Morlun,10,GAStech,GAStech
Benito Hawelon,Dante Coginian,10,GAStech,GAStech
Claudio Hawelon,Dylan Scozzese,10,GAStech,GAStech
Adan Morlun,Irene Nant,10,GAStech,GAStech
Adan Morlun,Dante Coginian,10,GAStech,GAStech
Ruscella Mies Haber,Lars Azada,10,GAStech,GAStech
Ruscella Mies Haber,Felix Balas,10,GAStech,GAStech
Ruscella Mies Haber,Isande Borrasca,10,GAStech,GAStech
Ruscella Mies Haber,Axel Calzas,10,GAStech,GAStech
Ruscella Mies Haber,Gustav Cazar,10,GAStech,GAStech
Ruscella Mies Haber,Lidelse Dedos,10,GAStech,GAStech
Ruscella Mies Haber,Birgitta Frente,10,GAStech,GAStech
Ruscella Mies Haber,Vira Frente,10,GAStech,GAStech
Ruscella Mies Haber,Marin Onda,10,GAStech,GAStech
Ruscella Mies Haber,Kare Orilla,10,GAStech,GAStech
Ruscella Mies Haber,Elsa Orilla,10,GAStech,GAStech
Ruscella Mies Haber,Brand Tempestad,10,GAStech,GAStech
Ruscella Mies Haber,Ingrid Barranco,10,GAStech,GAStech
Ruscella Mies Haber,Sten Sanjorge Jr,10,GAStech,GAStech
Ruscella Mies Haber,Orhan Strum,10,GAStech,GAStech
Ruscella Mies Haber,Willem Vasco-Pais,10,GAStech,GAStech
Ruscella Mies Haber,Bertrand Ovan,10,GAStech,GAStech
Ruscella Mies Haber,Albina Hafon,10,GAStech,GAStech
Ruscella Mies Haber,Benito Hawelon,10,GAStech,GAStech
Ruscella Mies Haber,Claudio Hawelon,10,GAStech,GAStech
Ruscella Mies Haber,Henk Mies,10,GAStech,GAStech
Ruscella Mies Haber,Valeria Morlun,10,GAStech,GAStech
Ruscella Mies Haber,Adan Morlun,10,GAStech,GAStech
Ruscella Mies Haber,Cecilia Morluniau,10,GAStech,GAStech
Ruscella Mies Haber,Irene Nant,10,GAStech,GAStech
Ruscella Mies Haber,Dylan Scozzese,10,GAStech,GAStech
Ruscella Mies Haber,Lucas Alcazar,10,GAStech,GAStech
Ruscella Mies Haber,Isak Baza,10,GAStech,GAStech
Ruscella Mies Haber,Linnea Bergen,10,GAStech,GAStech
Ruscella Mies Haber,Nils Calixto,10,GAStech,GAStech
Ruscella Mies Haber,Sven Flecha,10,GAStech,GAStech
Ruscella Mies Haber,Hideki Cocinaro,10,GAStech,GAStech
Ruscella Mies Haber,Stenig Fusil,10,GAStech,GAStech
Ruscella Mies Haber,Kanon Herrero,10,GAStech,GAStech
Ruscella Mies Haber,Varja Lagos,10,GAStech,GAStech
Ruscella Mies Haber,Felix Resumir,10,GAStech,GAStech
Ruscella Mies Haber,Edvard Vann,10,GAStech,GAStech
Ruscella Mies Haber,Emile Arpa,10,GAStech,GAStech
Ruscella Mies Haber,Varro Awelon,10,GAStech,GAStech
Ruscella Mies Haber,Dante Coginian,10,GAStech,GAStech
Irene Nant,Cecilia Morluniau,10,GAStech,GAStech
Cecilia Morluniau,Albina Hafon,10,GAStech,GAStech
Irene Nant,Claudio Hawelon,10,GAStech,GAStech
Dylan Scozzese,Henk Mies,10,GAStech,GAStech
Elsa Orilla,Lidelse Dedos,10,GAStech,GAStech
Gustav Cazar,Lars Azada,10,GAStech,GAStech
Vira Frente,Axel Calzas,10,GAStech,GAStech
Isande Borrasca,Marin Onda,10,GAStech,GAStech
Lidelse Dedos,Kare Orilla,10,GAStech,GAStech
Kare Orilla,Brand Tempestad,10,GAStech,GAStech
Ada Campo-Corrente,Ingrid Barranco,10,GAStech,GAStech
Lars Azada,Adra Nubarron,10,GAStech,GAStech
Willem Vasco-Pais,Sten Sanjorge Jr,10,GAStech,GAStech
Brand Tempestad,Adra Nubarron,10,GAStech,GAStech
Brand Tempestad,Lidelse Dedos,10,GAStech,GAStech
Brand Tempestad,Lars Azada,9,GAStech,GAStech
Axel Calzas,Vira Frente,9,GAStech,GAStech
Albina Hafon,Valeria Morlun,9,GAStech,GAStech
Benito Hawelon,Emile Arpa,9,GAStech,GAStech
Adan Morlun,Benito Hawelon,9,GAStech,GAStech
Adan Morlun,Cecilia Morluniau,9,GAStech,GAStech
Irene Nant,Dylan Scozzese,9,GAStech,GAStech
Cecilia Morluniau,Henk Mies,9,GAStech,GAStech
Irene Nant,Adan Morlun,9,GAStech,GAStech
Lars Azada,Elsa Orilla,9,GAStech,GAStech
Claudio Hawelon,Valeria Morlun,9,GAStech,GAStech
Gustav Cazar,Elsa Orilla,9,GAStech,GAStech
Isande Borrasca,Elsa Orilla,9,GAStech,GAStech
Isande Borrasca,Brand Tempestad,9,GAStech,GAStech
Lars Azada,Brand Tempestad,9,GAStech,GAStech
Brand Tempestad,Isande Borrasca,9,GAStech,GAStech
Brand Tempestad,Kare Orilla,9,GAStech,GAStech
Stenig Fusil,Hennie Osvaldo,9,GAStech,GAStech
Hennie Osvaldo,Isia Vann,9,GAStech,GAStech
Kare Orilla,Marin Onda,9,GAStech,GAStech
Elsa Orilla,Vira Frente,9,GAStech,GAStech
Dylan Scozzese,Dante Coginian,9,GAStech,GAStech
Dante Coginian,Adan Morlun,9,GAStech,GAStech
Axel Calzas,Felix Balas,8,GAStech,GAStech
Axel Calzas,Kare Orilla,8,GAStech,GAStech
Benito Hawelon,Adan Morlun,8,GAStech,GAStech
Varro Awelon,Albina Hafon,8,GAStech,GAStech
Benito Hawelon,Cecilia Morluniau,8,GAStech,GAStech
Adra Nubarron,Elsa Orilla,8,GAStech,GAStech
Adra Nubarron,Brand Tempestad,8,GAStech,GAStech
Cecilia Morluniau,Adan Morlun,8,GAStech,GAStech
Cecilia Morluniau,Claudio Hawelon,8,GAStech,GAStech
Irene Nant,Albina Hafon,8,GAStech,GAStech
Dylan Scozzese,Benito Hawelon,8,GAStech,GAStech
Isia Vann,Rachel Pantanal,8,GAStech,GAStech
Lars Azada,Vira Frente,8,GAStech,GAStech
Claudio Hawelon,Varro Awelon,8,GAStech,GAStech
Claudio Hawelon,Benito Hawelon,8,GAStech,GAStech
Cecilia Morluniau,Irene Nant,8,GAStech,GAStech
Gustav Cazar,Axel Calzas,8,GAStech,GAStech
Isande Borrasca,Lars Azada,8,GAStech,GAStech
Lidelse Dedos,Axel Calzas,8,GAStech,GAStech
Brand Tempestad,Marin Onda,8,GAStech,GAStech
Brand Tempestad,Axel Calzas,8,GAStech,GAStech
Stenig Fusil,Felix Resumir,8,GAStech,GAStech
Ingrid Barranco,Willem Vasco-Pais,8,GAStech,GAStech
Elsa Orilla,Felix Balas,8,GAStech,GAStech
Elsa Orilla,Birgitta Frente,8,GAStech,GAStech
Sten Sanjorge Jr ,Ingrid Barranco,8,GAStech,GAStech
Dante Coginian,Emile Arpa,8,GAStech,GAStech
Dante Coginian,Claudio Hawelon,8,GAStech,GAStech
Inga Ferro,Loreto Bodrogi,8,GAStech,GAStech
Inga Ferro,Hennie Osvaldo,8,GAStech,GAStech
Brand Tempestad,Birgitta Frente,7,GAStech,GAStech
Linnea Bergen,Ruscella Mies Haber,7,GAStech,GAStech
Ingrid Barranco,Loreto Bodrogi,7,GAStech,GAStech
Axel Calzas,Gustav Cazar,7,GAStech,GAStech
Lars Azada,Birgitta Frente,7,GAStech,GAStech
Lars Azada,Felix Balas,7,GAStech,GAStech
Albina Hafon,Dante Coginian,7,GAStech,GAStech
Felix Balas,Lars Azada,7,GAStech,GAStech
Benito Hawelon,Varro Awelon,7,GAStech,GAStech
Adan Morlun,Claudio Hawelon,7,GAStech,GAStech
Adan Morlun,Emile Arpa,7,GAStech,GAStech
Adan Morlun,Varro Awelon,7,GAStech,GAStech
Varro Awelon,Claudio Hawelon,7,GAStech,GAStech
Dante Coginian,Benito Hawelon,7,GAStech,GAStech
Vira Frente,Elsa Orilla,7,GAStech,GAStech
Vira Frente,Marin Onda,7,GAStech,GAStech
Kanon Herrero,Hennie Osvaldo,7,GAStech,GAStech
Adra Nubarron,Isande Borrasca,7,GAStech,GAStech
Adra Nubarron,Felix Balas,7,GAStech,GAStech
Adra Nubarron,Kare Orilla,7,GAStech,GAStech
Adra Nubarron,Lars Azada,7,GAStech,GAStech
Adra Nubarron,Marin Onda,7,GAStech,GAStech
Cecilia Morluniau,Dylan Scozzese,7,GAStech,GAStech
Irene Nant,Dante Coginian,7,GAStech,GAStech
Dylan Scozzese,Varro Awelon,7,GAStech,GAStech
Claudio Hawelon,Emile Arpa,7,GAStech,GAStech
Gustav Cazar,Lidelse Dedos,7,GAStech,GAStech
Isande Borrasca,Vira Frente,7,GAStech,GAStech
Varja Lagos,Hideki Cocinaro,7,GAStech,GAStech
Lars Azada,Kare Orilla,7,GAStech,GAStech
Lars Azada,Marin Onda,7,GAStech,GAStech
Lidelse Dedos,Lars Azada,7,GAStech,GAStech
Brand Tempestad,Elsa Orilla,7,GAStech,GAStech
Brand Tempestad,Vira Frente,7,GAStech,GAStech
Isande Borrasca,Birgitta Frente,7,GAStech,GAStech
Isande Borrasca,Felix Balas,7,GAStech,GAStech
Stenig Fusil,Hideki Cocinaro,7,GAStech,GAStech
Kare Orilla,Isande Borrasca,7,GAStech,GAStech
Kare Orilla,Elsa Orilla,7,GAStech,GAStech
Ingrid Barranco,Kare Orilla,7,GAStech,GAStech
Edvard Vann,Hennie Osvaldo,7,GAStech,GAStech
Elsa Orilla,Isande Borrasca,7,GAStech,GAStech
Valeria Morlun,Claudio Hawelon,7,GAStech,GAStech
Felix Balas,Adra Nubarron,7,GAStech,GAStech
Hennie Osvaldo,Loreto Bodrogi,7,GAStech,GAStech
Hennie Osvaldo,Minke Mies,7,GAStech,GAStech
Dante Coginian,Henk Mies,7,GAStech,GAStech
Lidelse Dedos,Adra Nubarron,7,GAStech,GAStech
Emile Arpa,Adan Morlun,7,GAStech,GAStech
Emile Arpa,Claudio Hawelon,7,GAStech,GAStech
Kare Orilla,Adra Nubarron,7,GAStech,GAStech
Kare Orilla,Lidelse Dedos,7,GAStech,GAStech
Lidelse Dedos,Brand Tempestad,7,GAStech,GAStech
Felix Balas,Brand Tempestad,7,GAStech,GAStech
Inga Ferro,Isia Vann,7,GAStech,GAStech
Albina Hafon,Claudio Hawelon,7,GAStech,GAStech
Dante Coginian,Dylan Scozzese,7,GAStech,GAStech
Varja Lagos,Hennie Osvaldo,6,GAStech,GAStech
Varja Lagos,Loreto Bodrogi,6,GAStech,GAStech
Brand Tempestad,Felix Balas,6,GAStech,GAStech
Axel Calzas,Birgitta Frente,6,GAStech,GAStech
Albina Hafon,Emile Arpa,6,GAStech,GAStech
Felix Balas,Birgitta Frente,6,GAStech,GAStech
Loreto Bodrogi,Hennie Osvaldo,6,GAStech,GAStech
Benito Hawelon,Irene Nant,6,GAStech,GAStech
Hennie Osvaldo,Kanon Herrero,6,GAStech,GAStech
Varro Awelon,Benito Hawelon,6,GAStech,GAStech
Varro Awelon,Cecilia Morluniau,6,GAStech,GAStech
Varro Awelon,Dante Coginian,6,GAStech,GAStech
Dante Coginian,Valeria Morlun,6,GAStech,GAStech
Dante Coginian,Albina Hafon,6,GAStech,GAStech
Dante Coginian,Varro Awelon,6,GAStech,GAStech
Ingrid Barranco,Cecilia Morluniau,6,GAStech,GAStech
Irene Nant,Henk Mies,6,GAStech,GAStech
Varro Awelon,Irene Nant,6,GAStech,GAStech
Varro Awelon,Henk Mies,6,GAStech,GAStech
Gustav Cazar,Isande Borrasca,6,GAStech,GAStech
Orhan Strum,Ada Campo-Corrente,6,GAStech,GAStech
Varja Lagos,Kanon Herrero,6,GAStech,GAStech
Varja Lagos,Stenig Fusil,6,GAStech,GAStech
Lars Azada,Isande Borrasca,6,GAStech,GAStech
Lidelse Dedos,Marin Onda,6,GAStech,GAStech
Lidelse Dedos,Felix Balas,6,GAStech,GAStech
Lidelse Dedos,Vira Frente,6,GAStech,GAStech
Isande Borrasca,Gustav Cazar,6,GAStech,GAStech
Stenig Fusil,Kanon Herrero,6,GAStech,GAStech
Hennie Osvaldo,Stenig Fusil,6,GAStech,GAStech
Hennie Osvaldo,Inga Ferro,6,GAStech,GAStech
Hennie Osvaldo,Hideki Cocinaro,6,GAStech,GAStech
Hennie Osvaldo,Felix Resumir,6,GAStech,GAStech
Edvard Vann,Minke Mies,6,GAStech,GAStech
Edvard Vann,Felix Resumir,6,GAStech,GAStech
Felix Balas,Isande Borrasca,6,GAStech,GAStech
Stenig Fusil,Minke Mies,6,GAStech,GAStech
Stenig Fusil,Loreto Bodrogi,6,GAStech,GAStech
Benito Hawelon,Dylan Scozzese,6,GAStech,GAStech
Dante Coginian,Irene Nant,6,GAStech,GAStech
Isande Borrasca,Lidelse Dedos,6,GAStech,GAStech
Adra Nubarron,Lidelse Dedos,6,GAStech,GAStech
Axel Calzas,Lidelse Dedos,6,GAStech,GAStech
Irene Nant,Benito Hawelon,6,GAStech,GAStech
Claudio Hawelon,Dante Coginian,6,GAStech,GAStech
Kanon Herrero,Inga Ferro,6,GAStech,GAStech
Kanon Herrero,Minke Mies,6,GAStech,GAStech
Emile Arpa,Valeria Morlun,6,GAStech,GAStech
Marin Onda,Vira Frente,6,GAStech,GAStech
Adra Nubarron,Birgitta Frente,6,GAStech,GAStech
Varro Awelon,Valeria Morlun,6,GAStech,GAStech
Felix Balas,Marin Onda,6,GAStech,GAStech
Felix Balas,Kare Orilla,6,GAStech,GAStech
Varja Lagos,Inga Ferro,5,GAStech,GAStech
Linnea Bergen,Inga Ferro,5,GAStech,GAStech
Linnea Bergen,Loreto Bodrogi,5,GAStech,GAStech
Linnea Bergen,Isia Vann,5,GAStech,GAStech
Linnea Bergen,Hennie Osvaldo,5,GAStech,GAStech
Linnea Bergen,Minke Mies,5,GAStech,GAStech
Axel Calzas,Isande Borrasca,5,GAStech,GAStech
Loreto Bodrogi,Inga Ferro,5,GAStech,GAStech
Felix Resumir,Hennie Osvaldo,5,GAStech,GAStech
Felix Resumir,Edvard Vann,5,GAStech,GAStech
Birgitta Frente,Lars Azada,5,GAStech,GAStech
Vira Frente,Brand Tempestad,5,GAStech,GAStech
Vira Frente,Kare Orilla,5,GAStech,GAStech
Adra Nubarron,Gustav Cazar,5,GAStech,GAStech
Cecilia Morluniau,Valeria Morlun,5,GAStech,GAStech
Irene Nant,Varro Awelon,5,GAStech,GAStech
Lidelse Dedos,Elsa Orilla,5,GAStech,GAStech
Rachel Pantanal,Isia Vann,5,GAStech,GAStech
Varro Awelon,Adan Morlun,5,GAStech,GAStech
Henk Mies,Bertrand Ovan,5,GAStech,GAStech
Cecilia Morluniau,Bertrand Ovan,5,GAStech,GAStech
Cecilia Morluniau,Dante Coginian,5,GAStech,GAStech
Gustav Cazar,Vira Frente,5,GAStech,GAStech
Gustav Cazar,Kare Orilla,5,GAStech,GAStech
Gustav Cazar,Brand Tempestad,5,GAStech,GAStech
Varja Lagos,Isia Vann,5,GAStech,GAStech
Lidelse Dedos,Birgitta Frente,5,GAStech,GAStech
Lidelse Dedos,Isande Borrasca,5,GAStech,GAStech
Birgitta Frente,Elsa Orilla,5,GAStech,GAStech
Edvard Vann,Elsa Orilla,5,GAStech,GAStech
Hideki Cocinaro,Isia Vann,5,GAStech,GAStech
Stenig Fusil,Isia Vann,5,GAStech,GAStech
Kare Orilla,Axel Calzas,5,GAStech,GAStech
Ingrid Barranco,Rachel Pantanal,5,GAStech,GAStech
Ingrid Barranco,Lars Azada,5,GAStech,GAStech
Ingrid Barranco,Felix Balas,5,GAStech,GAStech
Ingrid Barranco,Isande Borrasca,5,GAStech,GAStech
Ingrid Barranco,Axel Calzas,5,GAStech,GAStech
Ingrid Barranco,Gustav Cazar,5,GAStech,GAStech
Ingrid Barranco,Lidelse Dedos,5,GAStech,GAStech
Ingrid Barranco,Birgitta Frente,5,GAStech,GAStech
Ingrid Barranco,Vira Frente,5,GAStech,GAStech
Ingrid Barranco,Adra Nubarron,5,GAStech,GAStech
Ingrid Barranco,Marin Onda,5,GAStech,GAStech
Ingrid Barranco,Elsa Orilla,5,GAStech,GAStech
Ingrid Barranco,Brand Tempestad,5,GAStech,GAStech
Ingrid Barranco,Bertrand Ovan,5,GAStech,GAStech
Ingrid Barranco,Albina Hafon,5,GAStech,GAStech
Ingrid Barranco,Benito Hawelon,5,GAStech,GAStech
Ingrid Barranco,Claudio Hawelon,5,GAStech,GAStech
Ingrid Barranco,Henk Mies,5,GAStech,GAStech
Ingrid Barranco,Valeria Morlun,5,GAStech,GAStech
Ingrid Barranco,Adan Morlun,5,GAStech,GAStech
Ingrid Barranco,Irene Nant,5,GAStech,GAStech
Ingrid Barranco,Dylan Scozzese,5,GAStech,GAStech
Ingrid Barranco,Lucas Alcazar,5,GAStech,GAStech
Ingrid Barranco,Isak Baza,5,GAStech,GAStech
Ingrid Barranco,Linnea Bergen,5,GAStech,GAStech
Ingrid Barranco,Nils Calixto,5,GAStech,GAStech
Ingrid Barranco,Sven Flecha,5,GAStech,GAStech
Ingrid Barranco,Hideki Cocinaro,5,GAStech,GAStech
Ingrid Barranco,Inga Ferro,5,GAStech,GAStech
Ingrid Barranco,Isia Vann,5,GAStech,GAStech
Ingrid Barranco,Stenig Fusil,5,GAStech,GAStech
Ingrid Barranco,Hennie Osvaldo,5,GAStech,GAStech
Ingrid Barranco,Kanon Herrero,5,GAStech,GAStech
Ingrid Barranco,Varja Lagos,5,GAStech,GAStech
Ingrid Barranco,Minke Mies,5,GAStech,GAStech
Ingrid Barranco,Felix Resumir,5,GAStech,GAStech
Ingrid Barranco,Edvard Vann,5,GAStech,GAStech
Ingrid Barranco,Emile Arpa,5,GAStech,GAStech
Ingrid Barranco,Varro Awelon,5,GAStech,GAStech
Ingrid Barranco,Mat Bramar,5,GAStech,GAStech
Ingrid Barranco,Dante Coginian,5,GAStech,GAStech
Ingrid Barranco,Carla Forluniau,5,GAStech,GAStech
Ingrid Barranco,Linda Lagos,5,GAStech,GAStech
Ingrid Barranco,Cornelia Lais,5,GAStech,GAStech
Ingrid Barranco,Ruscella Mies Haber,5,GAStech,GAStech
Ingrid Barranco,Anda Ribera,5,GAStech,GAStech
Edvard Vann,Hideki Cocinaro,5,GAStech,GAStech
Edvard Vann,Inga Ferro,5,GAStech,GAStech
Edvard Vann,Loreto Bodrogi,5,GAStech,GAStech
Edvard Vann,Isia Vann,5,GAStech,GAStech
Edvard Vann,Kanon Herrero,5,GAStech,GAStech
Valeria Morlun,Varro Awelon,5,GAStech,GAStech
Valeria Morlun,Dylan Scozzese,5,GAStech,GAStech
Felix Balas,Lidelse Dedos,5,GAStech,GAStech
Stenig Fusil,Varja Lagos,5,GAStech,GAStech
Albina Hafon,Bertrand Ovan,5,GAStech,GAStech
Loreto Bodrogi,Minke Mies,5,GAStech,GAStech
Felix Balas,Axel Calzas,5,GAStech,GAStech
Hennie Osvaldo,Rachel Pantanal,5,GAStech,GAStech
Hennie Osvaldo,Varja Lagos,5,GAStech,GAStech
Hennie Osvaldo,Ruscella Mies Haber,5,GAStech,GAStech
Adra Nubarron,Axel Calzas,5,GAStech,GAStech
Axel Calzas,Adra Nubarron,5,GAStech,GAStech
Axel Calzas,Marin Onda,5,GAStech,GAStech
Axel Calzas,Brand Tempestad,5,GAStech,GAStech
Irene Nant,Emile Arpa,5,GAStech,GAStech
Emile Arpa,Varro Awelon,5,GAStech,GAStech
Emile Arpa,Dylan Scozzese,5,GAStech,GAStech
Kanon Herrero,Felix Resumir,5,GAStech,GAStech
Kanon Herrero,Edvard Vann,5,GAStech,GAStech
Axel Calzas,Nils Calixto,5,GAStech,GAStech
Emile Arpa,Albina Hafon,5,GAStech,GAStech
Brand Tempestad,Gustav Cazar,5,GAStech,GAStech
Adra Nubarron,Vira Frente,5,GAStech,GAStech
Adra Nubarron,Ruscella Mies Haber,5,GAStech,GAStech
Inga Ferro,Henk Mies,5,GAStech,GAStech
Loreto Bodrogi,Isia Vann,5,GAStech,GAStech
Varja Lagos,Minke Mies,5,GAStech,GAStech
Willem Vasco-Pais,Ingrid Barranco,5,GAStech,GAStech
Minke Mies,Inga Ferro,5,GAStech,GAStech
Dante Coginian,Cecilia Morluniau,5,GAStech,GAStech
Linnea Bergen,Rachel Pantanal,4,GAStech,GAStech
Linnea Bergen,Claudio Hawelon,4,GAStech,GAStech
Loreto Bodrogi,Ingrid Barranco,4,GAStech,GAStech
Loreto Bodrogi,Varja Lagos,4,GAStech,GAStech
Felix Resumir,Hideki Cocinaro,4,GAStech,GAStech
Felix Resumir,Inga Ferro,4,GAStech,GAStech
Felix Resumir,Varja Lagos,4,GAStech,GAStech
Felix Resumir,Kanon Herrero,4,GAStech,GAStech
Felix Resumir,Stenig Fusil,4,GAStech,GAStech
Felix Resumir,Loreto Bodrogi,4,GAStech,GAStech
Vira Frente,Isande Borrasca,4,GAStech,GAStech
Vira Frente,Felix Balas,4,GAStech,GAStech
Vira Frente,Lars Azada,4,GAStech,GAStech
Vira Frente,Gustav Cazar,4,GAStech,GAStech
Kanon Herrero,Nils Calixto,4,GAStech,GAStech
Marin Onda,Felix Balas,4,GAStech,GAStech
Marin Onda,Brand Tempestad,4,GAStech,GAStech
Marin Onda,Kare Orilla,4,GAStech,GAStech
Marin Onda,Adra Nubarron,4,GAStech,GAStech
Marin Onda,Gustav Cazar,4,GAStech,GAStech
Cecilia Morluniau,Benito Hawelon,4,GAStech,GAStech
Irene Nant,Bertrand Ovan,4,GAStech,GAStech
Ada Campo-Corrente,Felix Resumir,4,GAStech,GAStech
Inga Ferro,Willem Vasco-Pais,4,GAStech,GAStech
Felix Resumir,Ada Campo-Corrente,4,GAStech,GAStech
Lucas Alcazar,Emile Arpa,4,GAStech,GAStech
Claudio Hawelon,Bertrand Ovan,4,GAStech,GAStech
Gustav Cazar,Felix Balas,4,GAStech,GAStech
Gustav Cazar,Birgitta Frente,4,GAStech,GAStech
Gustav Cazar,Adra Nubarron,4,GAStech,GAStech
Gustav Cazar,Marin Onda,4,GAStech,GAStech
Gustav Cazar,Orhan Strum,4,GAStech,GAStech
Vira Frente,Lidelse Dedos,4,GAStech,GAStech
Varja Lagos,Felix Resumir,4,GAStech,GAStech
Lidelse Dedos,Gustav Cazar,4,GAStech,GAStech
Birgitta Frente,Brand Tempestad,4,GAStech,GAStech
Adra Nubarron,Cecilia Morluniau,4,GAStech,GAStech
Hideki Cocinaro,Stenig Fusil,4,GAStech,GAStech
Hideki Cocinaro,Inga Ferro,4,GAStech,GAStech
Hideki Cocinaro,Hennie Osvaldo,4,GAStech,GAStech
Stenig Fusil,Inga Ferro,4,GAStech,GAStech
Edvard Vann,Varja Lagos,4,GAStech,GAStech
Elsa Orilla,Benito Hawelon,4,GAStech,GAStech
Elsa Orilla,Edvard Vann,4,GAStech,GAStech
Valeria Morlun,Dante Coginian,4,GAStech,GAStech
Orhan Strum,Sten Sanjorge Jr,4,GAStech,GAStech
Benito Hawelon,Elsa Orilla,4,GAStech,GAStech
Albina Hafon,Varro Awelon,4,GAStech,GAStech
Felix Resumir,Benito Hawelon,4,GAStech,GAStech
Felix Resumir,Minke Mies,4,GAStech,GAStech
Felix Resumir,Dante Coginian,4,GAStech,GAStech
Hennie Osvaldo,Felix Balas,4,GAStech,GAStech
Hennie Osvaldo,Edvard Vann,4,GAStech,GAStech
Isande Borrasca,Adra Nubarron,4,GAStech,GAStech
Varro Awelon,Dylan Scozzese,4,GAStech,GAStech
Hideki Cocinaro,Dante Coginian,4,GAStech,GAStech
Isia Vann,Claudio Hawelon,4,GAStech,GAStech
Stenig Fusil,Edvard Vann,4,GAStech,GAStech
Kare Orilla,Felix Balas,4,GAStech,GAStech
Emile Arpa,Dante Coginian,4,GAStech,GAStech
Emile Arpa,Benito Hawelon,4,GAStech,GAStech
Emile Arpa,Irene Nant,4,GAStech,GAStech
Isak Baza,Birgitta Frente,4,GAStech,GAStech
Lars Azada,Anda Ribera,4,GAStech,GAStech
Isia Vann,Hideki Cocinaro,4,GAStech,GAStech
Kanon Herrero,Varja Lagos,4,GAStech,GAStech
Axel Calzas,Varja Lagos,4,GAStech,GAStech
Emile Arpa,Henk Mies,4,GAStech,GAStech
Varro Awelon,Mat Bramar,4,GAStech,GAStech
Hideki Cocinaro,Varja Lagos,4,GAStech,GAStech
Benito Hawelon,Felix Resumir,4,GAStech,GAStech
Isia Vann,Hennie Osvaldo,4,GAStech,GAStech
Valeria Morlun,Henk Mies,4,GAStech,GAStech
Felix Balas,Elsa Orilla,4,GAStech,GAStech
Felix Balas,Vira Frente,4,GAStech,GAStech
Inga Ferro,Ruscella Mies Haber,4,GAStech,GAStech
Minke Mies,Vira Frente,4,GAStech,GAStech
Inga Ferro,Kanon Herrero,4,GAStech,GAStech
Inga Ferro,Varja Lagos,4,GAStech,GAStech
Linnea Bergen,Axel Calzas,3,GAStech,GAStech
Linnea Bergen,Lucas Alcazar,3,GAStech,GAStech
Anda Ribera,Valeria Morlun,3,GAStech,GAStech
Felix Resumir,Isia Vann,3,GAStech,GAStech
Dante Coginian,Lucas Alcazar,3,GAStech,GAStech
Vira Frente,Adra Nubarron,3,GAStech,GAStech
Lucas Alcazar,Dante Coginian,3,GAStech,GAStech
Marin Onda,Isande Borrasca,3,GAStech,GAStech
Marin Onda,Elsa Orilla,3,GAStech,GAStech
Marin Onda,Lars Azada,3,GAStech,GAStech
Dylan Scozzese,Bertrand Ovan,3,GAStech,GAStech
Lucas Alcazar,Linnea Bergen,3,GAStech,GAStech
Willem Vasco-Pais,Inga Ferro,3,GAStech,GAStech
Cecilia Morluniau,Varro Awelon,3,GAStech,GAStech
Orhan Strum,Ingrid Barranco,3,GAStech,GAStech
Hideki Cocinaro,Cornelia Lais,3,GAStech,GAStech
Birgitta Frente,Kare Orilla,3,GAStech,GAStech
Birgitta Frente,Isande Borrasca,3,GAStech,GAStech
Birgitta Frente,Gustav Cazar,3,GAStech,GAStech
Birgitta Frente,Marin Onda,3,GAStech,GAStech
Birgitta Frente,Axel Calzas,3,GAStech,GAStech
Cornelia Lais,Hideki Cocinaro,3,GAStech,GAStech
Anda Ribera,Gustav Cazar,3,GAStech,GAStech
Kare Orilla,Lars Azada,3,GAStech,GAStech
Kare Orilla,Vira Frente,3,GAStech,GAStech
Edvard Vann,Henk Mies,3,GAStech,GAStech
Edvard Vann,Stenig Fusil,3,GAStech,GAStech
Ada Campo-Corrente,Ruscella Mies Haber,3,GAStech,GAStech
Adan Morlun,Bertrand Ovan,3,GAStech,GAStech
Loreto Bodrogi,Stenig Fusil,3,GAStech,GAStech
Loreto Bodrogi,Kanon Herrero,3,GAStech,GAStech
Hennie Osvaldo,Lars Azada,3,GAStech,GAStech
Hennie Osvaldo,Isande Borrasca,3,GAStech,GAStech
Hennie Osvaldo,Axel Calzas,3,GAStech,GAStech
Hennie Osvaldo,Gustav Cazar,3,GAStech,GAStech
Hennie Osvaldo,Lidelse Dedos,3,GAStech,GAStech
Hennie Osvaldo,Birgitta Frente,3,GAStech,GAStech
Hennie Osvaldo,Vira Frente,3,GAStech,GAStech
Hennie Osvaldo,Adra Nubarron,3,GAStech,GAStech
Hennie Osvaldo,Marin Onda,3,GAStech,GAStech
Hennie Osvaldo,Kare Orilla,3,GAStech,GAStech
Hennie Osvaldo,Elsa Orilla,3,GAStech,GAStech
Hennie Osvaldo,Brand Tempestad,3,GAStech,GAStech
Hennie Osvaldo,Ingrid Barranco,3,GAStech,GAStech
Hennie Osvaldo,Ada Campo-Corrente,3,GAStech,GAStech
Hennie Osvaldo,Sten Sanjorge Jr,3,GAStech,GAStech
Hennie Osvaldo,Orhan Strum,3,GAStech,GAStech
Hennie Osvaldo,Willem Vasco-Pais,3,GAStech,GAStech
Hennie Osvaldo,Bertrand Ovan,3,GAStech,GAStech
Hennie Osvaldo,Albina Hafon,3,GAStech,GAStech
Hennie Osvaldo,Benito Hawelon,3,GAStech,GAStech
Hennie Osvaldo,Claudio Hawelon,3,GAStech,GAStech
Hennie Osvaldo,Henk Mies,3,GAStech,GAStech
Hennie Osvaldo,Valeria Morlun,3,GAStech,GAStech
Hennie Osvaldo,Adan Morlun,3,GAStech,GAStech
Hennie Osvaldo,Cecilia Morluniau,3,GAStech,GAStech
Hennie Osvaldo,Irene Nant,3,GAStech,GAStech
Hennie Osvaldo,Dylan Scozzese,3,GAStech,GAStech
Hennie Osvaldo,Lucas Alcazar,3,GAStech,GAStech
Hennie Osvaldo,Isak Baza,3,GAStech,GAStech
Hennie Osvaldo,Linnea Bergen,3,GAStech,GAStech
Hennie Osvaldo,Nils Calixto,3,GAStech,GAStech
Hennie Osvaldo,Sven Flecha,3,GAStech,GAStech
Hennie Osvaldo,Emile Arpa,3,GAStech,GAStech
Hennie Osvaldo,Varro Awelon,3,GAStech,GAStech
Hennie Osvaldo,Mat Bramar,3,GAStech,GAStech
Hennie Osvaldo,Dante Coginian,3,GAStech,GAStech
Hennie Osvaldo,Carla Forluniau,3,GAStech,GAStech
Hennie Osvaldo,Linda Lagos,3,GAStech,GAStech
Hennie Osvaldo,Cornelia Lais,3,GAStech,GAStech
Hennie Osvaldo,Anda Ribera,3,GAStech,GAStech
Isande Borrasca,Hideki Cocinaro,3,GAStech,GAStech
Dante Coginian,Hideki Cocinaro,3,GAStech,GAStech
Claudio Hawelon,Isia Vann,3,GAStech,GAStech
Kare Orilla,Gustav Cazar,3,GAStech,GAStech
Irene Nant,Valeria Morlun,3,GAStech,GAStech
Emile Arpa,Cecilia Morluniau,3,GAStech,GAStech
Lars Azada,Gustav Cazar,3,GAStech,GAStech
Isia Vann,Loreto Bodrogi,3,GAStech,GAStech
Isia Vann,Edvard Vann,3,GAStech,GAStech
Kanon Herrero,Loreto Bodrogi,3,GAStech,GAStech
Felix Balas,Gustav Cazar,3,GAStech,GAStech
Marin Onda,Birgitta Frente,3,GAStech,GAStech
Marin Onda,Axel Calzas,3,GAStech,GAStech
Marin Onda,Lidelse Dedos,3,GAStech,GAStech
Emile Arpa,Lucas Alcazar,3,GAStech,GAStech
Henk Mies,Inga Ferro,3,GAStech,GAStech
Hideki Cocinaro,Minke Mies,3,GAStech,GAStech
Hideki Cocinaro,Edvard Vann,3,GAStech,GAStech
Adra Nubarron,Rachel Pantanal,3,GAStech,GAStech
Adra Nubarron,Ingrid Barranco,3,GAStech,GAStech
Adra Nubarron,Ada Campo-Corrente,3,GAStech,GAStech
Adra Nubarron,Sten Sanjorge Jr,3,GAStech,GAStech
Adra Nubarron,Orhan Strum,3,GAStech,GAStech
Adra Nubarron,Willem Vasco-Pais,3,GAStech,GAStech
Adra Nubarron,Bertrand Ovan,3,GAStech,GAStech
Adra Nubarron,Albina Hafon,3,GAStech,GAStech
Adra Nubarron,Benito Hawelon,3,GAStech,GAStech
Adra Nubarron,Claudio Hawelon,3,GAStech,GAStech
Adra Nubarron,Henk Mies,3,GAStech,GAStech
Adra Nubarron,Valeria Morlun,3,GAStech,GAStech
Adra Nubarron,Adan Morlun,3,GAStech,GAStech
Adra Nubarron,Irene Nant,3,GAStech,GAStech
Adra Nubarron,Dylan Scozzese,3,GAStech,GAStech
Adra Nubarron,Lucas Alcazar,3,GAStech,GAStech
Adra Nubarron,Isak Baza,3,GAStech,GAStech
Adra Nubarron,Linnea Bergen,3,GAStech,GAStech
Adra Nubarron,Nils Calixto,3,GAStech,GAStech
Adra Nubarron,Sven Flecha,3,GAStech,GAStech
Adra Nubarron,Hideki Cocinaro,3,GAStech,GAStech
Adra Nubarron,Inga Ferro,3,GAStech,GAStech
Adra Nubarron,Loreto Bodrogi,3,GAStech,GAStech
Adra Nubarron,Isia Vann,3,GAStech,GAStech
Adra Nubarron,Stenig Fusil,3,GAStech,GAStech
Adra Nubarron,Hennie Osvaldo,3,GAStech,GAStech
Adra Nubarron,Kanon Herrero,3,GAStech,GAStech
Adra Nubarron,Varja Lagos,3,GAStech,GAStech
Adra Nubarron,Minke Mies,3,GAStech,GAStech
Adra Nubarron,Felix Resumir,3,GAStech,GAStech
Adra Nubarron,Edvard Vann,3,GAStech,GAStech
Adra Nubarron,Emile Arpa,3,GAStech,GAStech
Adra Nubarron,Varro Awelon,3,GAStech,GAStech
Adra Nubarron,Mat Bramar,3,GAStech,GAStech
Adra Nubarron,Dante Coginian,3,GAStech,GAStech
Adra Nubarron,Carla Forluniau,3,GAStech,GAStech
Adra Nubarron,Linda Lagos,3,GAStech,GAStech
Adra Nubarron,Cornelia Lais,3,GAStech,GAStech
Adra Nubarron,Anda Ribera,3,GAStech,GAStech
Isia Vann,Varja Lagos,3,GAStech,GAStech
Benito Hawelon,Bertrand Ovan,3,GAStech,GAStech
Minke Mies,Nils Calixto,3,GAStech,GAStech
Marin Onda,Emile Arpa,3,GAStech,GAStech
Emile Arpa,Marin Onda,3,GAStech,GAStech
Varro Awelon,Emile Arpa,3,GAStech,GAStech
Anda Ribera,Henk Mies,3,GAStech,GAStech
Valeria Morlun,Albina Hafon,3,GAStech,GAStech
Valeria Morlun,Emile Arpa,3,GAStech,GAStech
Valeria Morlun,Adan Morlun,3,GAStech,GAStech
Loreto Bodrogi,Hideki Cocinaro,3,GAStech,GAStech
Inga Ferro,Stenig Fusil,3,GAStech,GAStech
Anda Ribera,Lars Azada,3,GAStech,GAStech
Dante Coginian,Bertrand Ovan,3,GAStech,GAStech
Irene Nant,Orhan Strum,3,GAStech,GAStech
Birgitta Frente,Isak Baza,3,GAStech,GAStech
Inga Ferro,Hideki Cocinaro,3,GAStech,GAStech
Inga Ferro,Felix Resumir,3,GAStech,GAStech
Inga Ferro,Edvard Vann,3,GAStech,GAStech
Varro Awelon,Carla Forluniau,3,GAStech,GAStech
Orhan Strum,Gustav Cazar,3,GAStech,GAStech
Carla Forluniau,Varro Awelon,3,GAStech,GAStech
Vira Frente,Minke Mies,3,GAStech,GAStech
