item_id,item_type,date,title,sources,article_ids,likely_primary_source,sample_summary
EVT-0003,cross_source_story,1984-05-03,Shale gas pioneer plans world's first offshore wells in Mediterranean Sea,International Times; World Source,564;751,World Source,<<Deleted Image: Anti-offshore drilling protester. Exploration has proved a controversial issue in Kronos>> Continue reading the main story The son of the founder of gas firm GAStech is planning a ven
EVT-0004,cross_source_story,1984-05-05,The pioneer of the gas of the slate plans first wells outside coast of the world in the Mediterranean Sea,Everyday News; The Continent,496;784,Everyday News,<<Deleted image: Demonstrator whom it perforates of Anti-offshore. The exploration has proven an controversial edition in Kronos>> To continue reading main history The son of the founder of the compan
EVT-0033,cross_source_story,1998-03-21,"ELODIS, KRONOS:  A CITY IN the NECESSITY, part one",Daily Pegasus; The Wrap,317;448,Daily Pegasus,"This article is the first installation of a series of three parts that deals with the problem every greater time an anguish of the community, the criminal fact of the government, and the alarming infl"
EVT-0035,cross_source_story,1998-04-27,"ELODIS, KRONOS:  AID of one divides two of the SOURCE UNEXPECTED",Daily Pegasus; The Orb,647;741,Daily Pegasus,"This article is the second installation of a series of three parts that deals with the problem every greater time an anguish of the community, the criminal fact of the government, and the alarming inf"
EVT-0038,cross_source_story,1998-05-17,"ELODIS, KRONOS:  THE GOVERNMENT WILL RESPOND IN TIME? Part three",Daily Pegasus; The Orb; The Wrap,264;622;814,Daily Pegasus,"This article is the installation passed of a series of three parts that deals with the problem every greater time an anguish of the community, the criminal fact of the government, and the alarming inf"
EVT-0042,cross_source_story,1998-11-15,POK REPRESENTATIVES MEET WITH KRONOS MINISTER OF HEALTH,All News Today; News Online Today; The Wrap,408;420;779,All News Today,"Representatives from the social activist group Protectors of Kronos (POK) met earlier this week with Cesare Nespola, Minister of Health to discuss resolutions to the water contamination that has plagu"
EVT-0043,cross_source_story,1998-11-15,WELLNESS FOR ALL ISSUES STATEMENT ON ELODIS,News Online Today; The Abila Post; The Light of Truth,619;68;823,The Abila Post,The international healthy water awareness group Wellness for All (WFA) have performed testing on the local water in Elodis finding high level of hazardous materials in residential water wells. In a st
EVT-0044,cross_source_story,1998-11-16,MEETING OF THE REPRESENTATIVES OF POK WITH THE MINISTER OF KRONOS OF THE HEALTH,Daily Pegasus; The Orb,211;628,Daily Pegasus,"Rhe representatives of the social activist group the protectors of Kronos (POK) solved at the beginning of this week with Will stop Nespola, minister of the health to discuss resolutions to the contam"
EVT-0049,cross_source_story,1999-07-08,MINISTER OF HEALTH TO PROPOSE SOLUTION TO TOWN POISONING,All News Today; News Online Today,267;612,All News Today,Minister of Health Cesare Nespola announced he would sponsor a bill to increase taxes on foreign energy development in Kronos intended to fund environmental cleanup and improved healthcare for rural t
EVT-0050,cross_source_story,1999-07-09,MINISTER FOR HEALTH TO PROPOSE THE SOLUTION WITH THE POISONING OF CITY,The Orb; The Wrap,248;740,The Orb,The Minister for health Cesare Nespola announced would finance an invoice to increase taxes on the foreign development of energy in Kronos designed to place environmental cleaning and improved of the 
EVT-0061,cross_source_story,2001-03-22,"TAX MEASURE DEFEATED, POK EFFORTS STALLED",All News Today; Homeland Illumination; News Online Today,134;391;606,Homeland Illumination,A measure to increase taxes on foreign oil and gas development proposed by Minister of Health Cesare Nespola was defeated by a wide margin last week in the General Assembly. This defeat is a harsh blo
EVT-0062,cross_source_story,2001-03-24,"REPORTS THE MEASURE OF THE TAX, BLOCKED EFFORTS POK",The Orb; The Wrap,187;459,The Wrap,A measure became taxes at foreign oil and raise gas development which by minister of health Cesare Nespola is presented covered by a broad fork last week at the general meeting. This defeat is a harsh
EVT-0064,cross_source_story,2001-08-31,Activists Disrupt Traffic Near Tiskele Bend Fields,International News; News Online Today; The Truth,129;544;794,News Online Today,Five young people were arrested yesterday for protesting near the entrance to the Tiskele Bend fields as they called for government action to address their environmental concerns about GAStech's opera
EVT-0065,cross_source_story,2001-09-01,The activists interrupt traffic near fields of the curve of Tiskele,The Guide; Worldwise,328;593,The Guide,They arrested five young people to protest yesterday near the entrance to the fields of the curve of Tiskele whereas they called for the action of the government to treat its environmental preoccupati
EVT-0066,cross_source_story,2001-09-01,POK MEMBERS ARRESTED,News Online Today; The Orb,511;778,News Online Today,Government heavies obstructed the free speech - yet again - of members of the activist group Protectors of Kronos yesterday at a lawful demonstration at the Tiskele Bend fields. The five POK activists
EVT-0067,cross_source_story,2001-09-02,THE MEMBERS OF POK ARRESTED,Daily Pegasus; The Wrap,22;680,Daily Pegasus,Heavies of the government obstructed the free speech - yet again - of the members of the protectors of the group of the activist of Kronos yesterday in a legal demonstration in the fields of the curve
EVT-0073,cross_source_story,2005-04-06,POK PROTESTS END IN ARRESTS,All News Today; News Online Today; The Orb; The Wrap,121;17;247;832,All News Today,Fifteen members of the Protectors of Kronos (POK) activist organization were arrested by Kronos federal police yesterday following an dispute at the gates of the Tiskele Bend GAStech facility. Swaying
EVT-0074,cross_source_story,2005-04-06,Protestors Block Traffic to Tiskele Bend Fields,International News; Kronos Star; News Online Today,179;423;781,Kronos Star,"More than a dozen POK protesters were handcuffed and taken into custody by police Tuesday for blocking access to the Tiskele Bend fields. Before police made the arrests shortly after 9 a.m., the prote"
EVT-0075,cross_source_story,2005-04-08,Traffic of the block from Protestors to the fields of the curve of Tiskele,The Guide; The Truth; Worldwise,595;621;730,The Guide,More than dozen demonstrators POK handle and seizures in safekeeping by the police were put Tuesday to block the access to the fields of the curve of Tiskele. The demonstrators tomorrow arrived the en
EVT-0076,cross_source_story,2005-09-25,ELODIS PROTESTS TURN TO RIOTS AND ARRESTS,Central Bulletin; News Desk; News Online Today,113;285;464,Central Bulletin,"The Protectors of Kronos (POK) continue to protest against the Kronos Government and GAStech International alleging pollution, water contamination and a lack of a government response. Lately the prote"
EVT-0077,cross_source_story,2005-09-26,TURN OF PROTESTS Of ELODIS TO the RIOTS AND the ARRESTS,Athena Speaks; The Explainer,383;491,Athena Speaks,"The guards of Kronos (POK) continue to protest against the pollution of international allegation of government and GAStech de Kronos, the contamination of water and a lack of a response of government."
EVT-0082,cross_source_story,2009-02-18,POK Protest at GAStech Headquarters Ends in Arrests,International News; Kronos Star,168;742,Kronos Star,Dozens of protesters attending a Protectors of Kronos (POK) rally in front of the GAStech regional headquarters in Abila were arrested for trespassing this morning. The POK rally was intended to draw 
EVT-0083,cross_source_story,2009-02-19,GASTECH HEADQUARTERS BLOCKED BY POK,Central Bulletin; News Online Today; The Abila Post; The Guide; The Truth,165;335;476;565;807;837,Central Bulletin,A POK rally designed to bring attention to claims of environmental damage have done more damage to their image. The rally outside of GAStech International's headquarters resulted in multiple arrests f
EVT-0084,cross_source_story,2009-02-20,The protest of POK at GAStech sits of the ends in the arrests,The Explainer; Worldwise,340;808,Worldwise,Dozen protesters being present guards of gathering of Kronos (POK) in front of the regional registered offices of GAStech in Abila was stopped for enfreindre this morning. The gathering of POK was des
EVT-A181,anchor_event,2009-02-20,POK 抗议 GAStech 设施遭逮捕,All News Today; Central Bulletin; Centrum Sentinel; Daily Pegasus; Everyday News; Homeland Illumination; International News; International Times; Kronos Star; News Desk; News Online Today; The Abila Post; The Continent; The Guide; The Light of Truth; The Truth; The Tulip; The World; The Wrap; Who What News; World Journal; Worldwise,17;24;29;56;65;113;121;129;145;149;165;168;195;221;247;268;273;285;313;328;335;387;422;427;431;436;439;461;464;476;544;556;560;593;594;607;742;760;776;794;808;810;837,Kronos Star,Five young people were arrested yesterday for protesting near the entrance to the Tiskele Bend fields as they called for government action to address their environmental concerns about GAStech's opera
EVT-0085,cross_source_story,2009-02-21,SANJORGE JR CONDEMNS POK LIKE TERRORISTS,The Light of Truth; Who What News,675;716,The Light of Truth,"An official report released by Sten Sanjorge Jr., president and CEO of international GASTech, condemns the guards of Kronos as ""illegitimate"" and organization of ""terrorists"". The report came in respo"
EVT-0086,cross_source_story,2009-02-22,SANJORGE JR CONDEMNS POK LIKE TERRORISTS,The General Post; The Tulip,23;529,The General Post,"An official declaration sent by Sten Sanjorge, president of the Jr and the CEO of international GASTech, condemns the protectors of Kronos like ""ilegítimate"" and organization of the ""terrorist"". The d"
EVT-0087,cross_source_story,2009-02-23,"The protectors of Kronos de Kronos declared ""group of the terrorist""",Everyday News; News Online Today; The Continent; World Journal; World Source,201;36;631;643;646,Everyday News,<<Deleted image: POK has celebrated numerous demonstrations in the capital of Kronos de Abila>> To continue reading main history The government of Kronos has declared the protectors of Kronos that a t
EVT-0088,cross_source_story,2009-03-09,THE POK MEETING DRAWS THOUSANDS OF THOSE IN FAVOR,Daily Pegasus; The Orb; The Wrap,217;51;735,Daily Pegasus,"The thousands of demonstrators who take the flags that read ""remember Julian"" and singing ""we wished truth"" reunited in front of the morning of Saturday of the governmental offices of Kronos. The demo"
EVT-0089,cross_source_story,2009-03-12,POK LEADER ARRESTED,All News Today; Homeland Illumination; International News; Kronos Star; The Abila Post,294;398;437;683;820;836,The Abila Post,"Elian Karel, the charismatic leader of the Protectors of Kronos, was arrested today on charges of tax evasion. Michale Kraft, Karel's lawyer, released a statement asserting that the charges leveled ag"
EVT-0090,cross_source_story,2009-03-13,ARRESTED LEADER KAREL OF POK,Daily Pegasus; News Desk; News Online Today; The Explainer; The Wrap,157;19;577;667;788,Daily Pegasus,"In another unconscionable movement against the citizens of Kronos, the previous police of today arrested leader Elian Karel of POK in false loads of the fiscal evasion. They lead him - manacled - of a"
EVT-0091,cross_source_story,2009-03-13,POK LEADER ARRESTED,Central Bulletin; News Online Today,505;798,Central Bulletin,"Elian Karel, the charismatic leader of the Protectors of Kronos, was arrested today on charges of tax evasion. Michale Kraft, Karel's lawyer, released a statement asserting that the charges leveled ag"
EVT-0092,cross_source_story,2009-03-14,THE CHIEF OF STOPPED POK,Athena Speaks; The Orb,354;455,Athena Speaks,"Elan Carol, the charismatic chief of the guards of Kronos, was stopped today on expenses of tax avoidance. Michale Kraft, the lawyer of Carol, released a report/ratio affirming that the expenses level"
EVT-0093,cross_source_story,2009-05-16,GASTECH ADOPTS NEW LOGO,News Online Today; The Tulip; Who What News,422;65;810,News Online Today,"With great fanfare GAStech International's President and CEO Sten Sanjorge, Jr. spoke of the new logo - a tri-part blue flame - that is reminiscent of a leaf to ""help position GAStech and its products"
EVT-0094,cross_source_story,2009-05-17,GASTECH ADOPTS NEW STANDARD,The General Post; The Light of Truth,560;826,The General Post,"International president and CEO Sten Sanjorge Jr., with great fanfare, revealed the new standard of the company, leaves from the process rebranding of the company. During the press conference Sanjorge"
EVT-A182,anchor_event,2009-06-19,Elian Karel 死亡,All News Today; Athena Speaks; Central Bulletin; Daily Pegasus; Everyday News; Homeland Illumination; International News; International Times; Kronos Star; News Desk; News Online Today; The Abila Post; The Continent; The Explainer; The Guide; The Orb; The Truth; The Wrap; World Journal; World Source; Worldwise,0;14;18;24;33;34;54;55;73;74;77;95;132;149;158;161;162;175;184;185;190;204;213;225;249;257;269;282;286;288;300;309;318;334;343;351;353;357;378;385;387;445;454;508;520;523;554;566;570;572;581;620;623;670;698;709;745;753;767;770;799;801;812,The Abila Post,"Protests erupted around the Kronos government buildings, downtown, and elsewhere around Abila eventually escalating into riots and violence. The activists are protesting the death yesterday of Elian K"
EVT-0095,cross_source_story,2009-06-20,Protest Turns Violent in Abila,Kronos Star; The Abila Post,185;623,Kronos Star,"A rally of hundreds of protestors allied with the ""Protectors of Kronos"" movement turned to violence today as angry activists vented their displeasure on the innocent citizens of Abila after hearing t"
EVT-0096,cross_source_story,2009-06-20,ELIAN KAREL DEAD IN KRONOS JAIL,All News Today; News Online Today; The Wrap,445;554;95,News Online Today,"Elian Karel, age 28, died Friday while unlawfully incarcerated at the Abila City Prison. He was expecting to be released in the next few days and return to his work with the Protectors of Kronos, and "
EVT-0097,cross_source_story,2009-06-21,THE SPONTANEOUS PROTESTS BURST AROUND ABILA,Athena Speaks; Central Bulletin; News Desk; News Online Today; The Guide; The Truth; Worldwise,14;162;191;20;204;309;745;801,Athena Speaks,"the protests burst around the buildings of government of Kronos, the center town, and elsewhere around Abila climbing thereafter in riots and violence. The activists protest yesterday the death of Ela"
EVT-0098,cross_source_story,2009-06-21,ELIAN KAREL DIED IN KRONOS JAIL,Daily Pegasus; The Orb,269;357,Daily Pegasus,"Elian Karel, age 28, died Friday whereas incarcerated illegally in the prison of the city of Abila. Karel was jailed in fraudulent charges of the fiscal evasion after its halting the 12 of March earli"
EVT-0099,cross_source_story,2009-06-22,Profile:  Elian Karel,International Times; News Online Today; World Source,155;24;353,News Online Today,"<<deleted image of Elian Karel speaking at a rally in Abila>> Voice of protest for some, popularist demagogue for others, Protectors of Kronos leader Elian Karel became a martyr and a rallying point f"
EVT-0100,cross_source_story,2009-06-23,Profile:  Elian Karel,Everyday News; The Continent; World Journal,149;268;387,Everyday News,"<<deleted the image of Elian Karel that spoke in a meeting in Abila>> The voice of the protest for some, demagog for others, protective of popularist of the leader Elian Karel de Kronos became martyr "
EVT-0101,cross_source_story,2010-03-05,The race of boat stopped before starting,The Continent; World Journal,180;242,World Journal,10th Kapalou cup was given to later less than one hour before it was due to the beginning after the capsized presidential ship and is descended. It is the first incident of its kind in the history of 
EVT-0102,cross_source_story,2010-06-14,ANNIVERSARY OF PROTESTS,Central Bulletin; News Online Today; The Explainer,334;34;378,Central Bulletin,"Last year spontaneous protests and riots broke out around Abila in response to the death of Elian Karel, a Protectors of Kronos (POK) activist. Officials fear a repeat of last year's violent activitie"
EVT-0103,cross_source_story,2010-06-15,BIRTHDAY OF THE PROTESTS,Athena Speaks; News Desk,190;405,Athena Speaks,"The spontaneous protests and riots last year burst around Abila in answer to died of Elan Carol, of the guards of activist of Kronos (POK). The civils servant fear a repetition of the violent activiti"
EVT-0104,cross_source_story,2010-06-19,"IN REMEMBRANCE:  THE DEATH OF ELIAN KAREL, A YEAR LATER",Homeland Illumination; News Online Today,286;770,Homeland Illumination,"One year ago today a young man in search of a brighter future for his countrymen died in a cold, cement prison. He was attended only by apathetic guards who had been charged with detaining him pending"
EVT-0105,cross_source_story,2010-06-21,"IN REMEMBRANCE:  THE DEATH OF ELIAN KAREL, A YEAR LATER",Daily Pegasus; The Orb; The Wrap,158;257;523,Daily Pegasus,"A young man in search of a more shining future for his died countrymen does today of the year in a cold, prison of the cement. The protectors he only took care of apathetic it that they had been loade"
EVT-0106,cross_source_story,2010-06-21,GOVERNMENT RESPONDS TO ANOTHER ROUND OF PROTESTS,Athena Speaks; Central Bulletin; News Online Today,604;615;71,Central Bulletin,Protesters aligned with the Protectors of Kronos (POK) activist group surrounded government buildings chanting and carry images of their so-called martyrs. Kronos government security forces in concert
EVT-0107,cross_source_story,2010-06-21,POK Protest at Abila Police Headquarters,International News; News Online Today,766;767,News Online Today,A Protectors of Kronos demonstration was held in front of Abila police headquarters yesterday morning. Abila police attempted to gain control of the situation by using bullhorns to call for the peacef
EVT-0108,cross_source_story,2010-06-22,Protest POK at the Headquarters of the police force Abila,The Guide; The Truth; Worldwise,581;620;670,The Truth,"The guards were loved demonstration Kronos for Abila the morning the police headquarters yesterday. POK within memorialize their former LEADER, Elian Karel had collected himself, who died previous yea"
EVT-0109,cross_source_story,2010-06-22,THE GOVERNMENT ANSWERS TO ANOTHER ROUND OF PROTESTS,News Desk; The Explainer,644;691,News Desk,Protesters which at the guards of Kronos the activist group (of POK) is aimed surrounded government bldg. the chanting and carry pictures of their so-called martyrs. The strengths of the government se
EVT-0114,cross_source_story,2011-06-20,A LOOK BACK AT A LIFE CUT TRAGICAL SHORT: ELIAN KAREL,Homeland Illumination,161;225,Homeland Illumination,"Two years ago yesterday Elian Karel died at age 28 in an Abila jail cell, purportedly of cardiac arrest. He had been arrested three months prior for spurious charges of tax evasion and left to linger "
EVT-0115,cross_source_story,2011-06-21,A GLANCE BEHIND IN A CUT TRAGICAL OF THE LIFE PUTS IN SHORT CIRCUIT: ELIAN KAREL,All News Today; Daily Pegasus; News Online Today,175;288;77,Daily Pegasus,"For two years of Elian Karel died yesterday in age 28 in a cell of the jail of Abila, presumably of the failure cardiac. They had arrested it three months previous for the false loads of left fiscal e"
EVT-0116,cross_source_story,2011-06-21,POK Protesters Vandalize Siopa District,News Online Today; Worldwise,416;774,News Online Today,A Protectors of Kronos demonstration in the streets of the Siopa district in downtown Abila resulted in numerous incidents of vandalism and opportunistic looting yesterday.
EVT-0117,cross_source_story,2011-06-22,A GLANCE BEHIND TRAGEDY OF CUT OF THE LIFE: ELIAN KAREL,The Orb; The Wrap,249;799,The Orb,"Two years ago yesterday Elian Karel died at age 28 in a cell of prison of Abila, supposedly of heart stop. He had been stopped three months former for incidental expense of tax avoidance and left to b"
EVT-0118,cross_source_story,2011-06-22,Protesters POK the district of Vandalize Siopa,The Guide; The Truth,361;754,The Truth,The guards of demonstration Kronos resulted in the streets of the district Siopa in Abila of the inner city in many incidents of vandalism and the opportunistic plunder yesterday. The new emblem POK p
EVT-0119,cross_source_story,2011-07-27,"POK Labeled a ""Public Threat""",Kronos Star; The Abila Post,548;705,Kronos Star,"In a statement to the press today, government spokesman Rufus Drymiau said of the POK: ""they are justifiably a public threat due to violent demonstrations, opportunistic vandalism, and clashes with th"
EVT-0120,cross_source_story,2011-07-28,GOVERNMENT LABELS POK 'PUBLIC THREAT',Central Bulletin; International News; News Desk; News Online Today; The Explainer; The Guide; The Truth,123;224;45;499;527;757;96,Central Bulletin,"ABILA, Kronos - The Kronos Government has labeled the Protectors of Kronos (POK) as a threat to the public. In a statement by government spokesman Rufus Drymiau the POK are described as ""justifiably a"
EVT-0121,cross_source_story,2011-07-29,"THE GOVERNMENT MARKS POK ""PUBLIC THREAT""",Athena Speaks; Worldwise,629;64,Athena Speaks,"The government of Kronos marked the Protectors of Kronos (POK) as threats the public. In a report of spokesman Rufus Drymiau of government the POK are described like ""clear public threats due to the v"
EVT-0124,cross_source_story,2012-03-08,Minister of Health Receives Threats from POK,News Online Today; The Truth; Worldwise,228;584;797,News Online Today,"Police sources have stated that Vincent Kapelou, Minister of Health, has received several threatening letters purporting to come from the POK."
EVT-0125,cross_source_story,2012-03-09,THREATS ISSUED BY POK,News Online Today; The Explainer,258;549,News Online Today,"Letters purported to be from the Protectors of Kronos (POK) have been received by Vincent Kapelou, Minister of Health and nephew of President Kapelou."
EVT-0126,cross_source_story,2012-03-10,THE THREATS PUBLISHED BY POK,Athena Speaks; News Desk,104;610,Athena Speaks,"ABILA, Kronos - letters claimed to be from guards of Kronos (POK) were received by Vincent Kapelou, minister of health and nephew of President Kapelou. The menacing letters seem to be the empty threat"
EVT-0127,cross_source_story,2012-04-09,RALLY SCHEDULED IN SUPPORT OF INCREASED GOVERNMENT ACCOUNTABILITY,All News Today; Homeland Illumination,135;358,Homeland Illumination,"Silvia Marek, leader of the Protectors of Kronos social action organization is appealing to the citizens of Kronos to join her for a day of peaceful protest tomorrow. Marek asks all concerned citizens"
EVT-0128,cross_source_story,2012-04-10,MEETING TO PROGRAM IN SUPPORT OF INCREASING RESPONSIBILITY OF THE GOVERNMENT,Daily Pegasus; The Orb,239;773,Daily Pegasus,"Silvia Marek, leader of the protectors of the social organization of the action of Kronos is repealing the citizens of Kronos to assemble it by a day of the pacific protest morning. Marek requests tha"
EVT-0129,cross_source_story,2012-06-20,Abila police break up sit-in turned violent at the presidential manor,International Times; World Source,132;282,World Source,"Traffic snarled around the city as Abilians struggle to get to work amid vandalism and looting Early on Tuesday police stormed the front of the presidential mansion and the capital building, breaking "
EVT-0130,cross_source_story,2012-06-20,POK REMEMBERS MARTYRED LEADER,All News Today; Homeland Illumination; News Online Today,18;570;698,Homeland Illumination,"In a touching ceremony Wednesday leaders of the activist group Protectors of Kronos paid tribute to their fallen leader, Elian Karel, who was murdered on 19 June 2009 while being illegally detained in"
EVT-0131,cross_source_story,2012-06-20,POK Anniversary Rally Ends in Riot,International News; Kronos Star; News Online Today,364;785;89,Kronos Star,"POK members held a large demonstration in Abila yesterday. Several dozen of their supporters held sit-ins in front of the capitol building and the presidential manor, while others took to the streets "
EVT-A183,anchor_event,2012-06-20,POK 纪念 Karel 集会,All News Today; Daily Pegasus; Homeland Illumination; News Online Today; The Orb,18;447;570;572;662;698,Daily Pegasus,"In the stirring leaders of Wednesday of the ceremony of the protectors of the group of the activist of Kronos the tribute paid to its fallen leader, Elian Karel, that was assassinated the 19 of June o"
EVT-0132,cross_source_story,2012-06-21,The police of Abila breaks itself for above will seat dice returned violent in presidential,Everyday News; News Online Today; The Continent; World Journal,318;343;351;57,Everyday News,The traffic around the city as fight of Abilians to be able to work in the middle of vandalism and of the sacking. At the beginning of the Tuesday police stormed the front of the presidential mansion 
EVT-0133,cross_source_story,2012-06-21,Ends of the meeting of the anniversary of POK in uproar,The Guide; The Truth,645;664,The Guide,"The members of POK celebrated a great demonstration in Abila yesterday. It varies dozen of his those in favor carried out seating-ins in front of the building of capitol and señorío presidential, wher"
EVT-0134,cross_source_story,2012-06-22,"Kapelou Calls POK ""A Gang of Criminals""",International News; News Online Today; Worldwise,337;75;792,News Online Today,"In a press release today, President Kapelou today called the POK ""a gang of criminals, thugs, and malcontents who have become a pestilence to our peaceful way of life."""
EVT-0135,cross_source_story,2012-06-22,POK REMEMBERS MARTYRED LEADER,Daily Pegasus; The Orb,572;662,Daily Pegasus,"In the stirring leaders of Wednesday of the ceremony of the protectors of the group of the activist of Kronos the tribute paid to its fallen leader, Elian Karel, that was assassinated the 19 of June o"
EVT-0136,cross_source_story,2012-06-23,The question POK of Kapelou a troop of criminals,The Guide; The Truth,156;194,The Truth,"In a press communication today, president Kapelou today called POK a troop of criminals, criminals, and malcontents who pestilence to our peaceful manner of living. have become the comments of preside"
EVT-0137,cross_source_story,2012-08-22,WHO ARE THE PROTESTERS,News Online Today; The Abila Post,184;54,The Abila Post,"With the third anniversary of Elian Karel's death approaching - former member of the Protectors of Kronos - the question is: who are the protesters? But not only who are they, what and why are they pr"
EVT-0138,cross_source_story,2012-08-23,WHO ARE THE PROTESTERS,Central Bulletin; News Desk,213;709,Central Bulletin,"ABILA, Kronos - With the third anniversary of Elian Karel's death approaching - former member of the Protectors of Kronos - the question is: who are the protesters? The Protectors of Kronos or POK wer"
EVT-0139,cross_source_story,2012-08-24,WHO ARE the PROTESTERS,Athena Speaks; The Explainer,300;74,Athena Speaks,"With the approaching third birthday of the death of of Elian Karel - former member of the Protectors of Kronos - the question is: who are the protesters? But not only which is they, which and why they"
EVT-0140,cross_source_story,2012-09-08,PROTESTS SWELL IN ABILA IN RESPONSE TO CALLS TO ACTION,All News Today; The Orb; The Wrap,0;520;753,All News Today,"Thousands of people lined the roads on Thursday in a display of antigovernment solidarity. Among the demonstrators was Mestache Vardshvna, 23, from the west coast of Kronos. ""This is important, so I t"
EVT-0141,cross_source_story,2012-11-12,POK DEMONSTRATIONS ON THE INCREASE,News Online Today; The Orb; The Wrap,108;840;843,News Online Today,"An increase in the frequency of demonstrations by the Protectors of Kronos have given rise to concerns from the Government of Kronos. Three recent demonstrations, in as many weeks, have drawn crowds o"
EVT-0142,cross_source_story,2013-02-08,Abila Hospitals Seeing Influx of Designer Drug Users,News Online Today; The Continent,124;530,News Online Today,"The Emergency Department at Abila General Hospital in Kronos has been swamped in the last month by people suffering medical complications from designer drugs such as ""cotton candy"" and synthetic marij"
EVT-0143,cross_source_story,2013-02-09,Hospitals of Abila that see the affluence of the designer drug users,Everyday News; World Journal,81;93,Everyday News,"The department of the emergency in the general hospital of Abila in Kronos has been sunk in the month last through the people who underwent medical complications of designer drugs such as ""caramel of "
EVT-0146,cross_source_story,2013-06-20,"Annual POK Rally Ends in Riot, Again",International News; Kronos Star; News Online Today,130;252;374,Kronos Star,"POK members held their annual demonstration in Abila yesterday. A larger than usual crowd gathered in front of the Capitol building, waving signs holding pictures of Elian Karel and Juliana Vann, who "
EVT-0147,cross_source_story,2013-06-21,WHO BRINGS A GUN TO A SIT IN?,All News Today; The Wrap,341;769,All News Today,"ABILA, Kronos - Yesterday, as they have each June 19th for the past three years supporters, of Protectors of Kronos rallied demanding much the same as they have in the past fourteen years: an end to t"
EVT-0148,cross_source_story,2013-06-22,"Annual ends of the meeting of POK in uproar, again",The Guide; Worldwise,189;538,The Guide,"Rhe members of POK celebrated their annual demonstration in Abila yesterday. Greater of the crowd it generally collected in front of the building of the Capitol, shaking the samples that carried out t"
EVT-0149,cross_source_story,2013-06-22,THE WHO BRINGS A WEAPON TO SEATING INSIDE?,Daily Pegasus; The Orb,575;700,Daily Pegasus,"Yesterday, because they have each 19 of June by last the three years of those in favor of the reunited protectors of Kronos demanding much just as they are in the last fourteen years old: a end to the"
EVT-0152,cross_source_story,2013-10-21,2014/03/26,Everyday News; World Journal,234;687,Everyday News,Interpol has announced the formation of a detachment of forces of the new multi-country to fight the more and more ample distribution of cathinone of methyldimethyl of the drug (MDMC). To direct the d
EVT-0154,cross_source_story,2013-11-13,The protests of Kronos explode in violence,Everyday News; News Online Today; The Continent; World Journal,126;446;608;88,Everyday News,"Journalist Shawn Pastorini says that the ""deficiency of the respect"" is supplying of fuel the protests << to continue reading main history >> The demonstrators in Abilia, Kronos have fixed the fire to"
EVT-0155,cross_source_story,2013-12-16,BRAZEN DAY TIME ASSAULT BY POK,News Online Today; The Abila Post,25;83,The Abila Post,"The brazen day time assault on two peace officers by the POK is just another violent, terroristic act in a long string of such acts. The two officers were left bloody and beaten, and tied up in the tr"
EVT-0156,cross_source_story,2013-12-16,POK Assault Police in Abila,International News; News Online Today; The Guide; The Truth,333;388;480;777,News Online Today,Police spokesman Adrien Carmen informed the media today that members of the POK assaulted a police patrol in Abila early this morning. The POK thugs crept up on two patrol officers who were sitting in
EVT-0158,cross_source_story,2013-12-17,BRAZEN DAY TIME ASSAULT BY POK,Athena Speaks; Central Bulletin,231;800,Central Bulletin,"ABILA, Kronos - The brazen day time assault on two peace officers by the POK is just another violent, terroristic act in a long string of such acts. Police spokesman Adrien Carman said of the attack, "
EVT-0160,cross_source_story,2013-12-18,ENORMOUS IPO MAKES MULTIMILLIONAIRE OF SANJORGE,The General Post; The Light of Truth,1;223,The General Post,"President and CEO of GAStech international Sten Sanjorge Jr can add another description to his name: multimillionaire. And not only a multimillionaire, almost multimillionaire excessive of like parts "
EVT-0165,cross_source_story,2014-01-20,WRAP UP OF EVENTS AT GASTECH,Athena Speaks; Central Bulletin; International News; Kronos Star; News Online Today; The Abila Post; The Explainer; The General Post; The Guide; The Light of Truth; The Truth; The Tulip; The World; Who What News,107;145;29;291;326;431;461;469;49;494;516;607;673;679;7;712;715,The Abila Post,"A long tense day of conflicting reports and confusing information has come to an end. What we know for certain is that 14 GAStech employees are not only missing, but kidnapped as confirmed by a Kronos"
EVT-0167,cross_source_story,2014-01-20,"GASTECH EMPLOYEE INTERROGATED, RELEASED",Athena Speaks; Central Bulletin; News Desk; News Online Today; The Abila Post; The Explainer,125;197;440;466;50;512;525,Central Bulletin,For roughly 6 hours GAStech - Kronos employee Edvard Vann was interrogated by Kronos Police and Government officials before being released at 17:00 this evening. The apparent confusion stems from the 
EVT-0169,cross_source_story,2014-01-20,TOP EVENTS WITH GASTECH,Athena Speaks; News Desk; The Explainer; Worldwise,140;397;402;594;818,Athena Speaks,"A long day of the contradictory reports and muddling information finished. What we know for certain that 14 employees of GAStech missing, as confirmed by a source of government of Kronos. Currently it"
EVT-A188,anchor_event,2014-01-20,POK 声称绑架责任,Homeland Illumination; International News; International Times; Kronos Star; Modern Rubicon; News Online Today; Tethys News; The Abila Post; The Continent; The General Post; The Guide; The Truth; The World; Who What News; Worldwise,29;62;106;145;167;172;173;219;245;261;274;310;359;372;431;461;463;481;536;594;607;674;689;693;776;824;838,Modern Rubicon,1245 - I REDEEM DEMANDS FROM POK - the protections of Kronos has freed a supporting responsibility of declaration of the kidnapping of employs you of GAStech that they demand I redeem $20 million.
TL-107,timeline,2014-01-20,KIDNAPPING IN GASTECH KRONOS,The General Post,107,The General Post,"After a long day to be in conflict and the confused information of information continue being incomplete, only history is beginning to come clearly: a source of the government of Kronos has confirmed "
TL-125,timeline,2014-01-20,"GASTECH EMPLOYEE INTERROGATED, RELEASED",Central Bulletin,125,Central Bulletin,For roughly 6 hours GAStech - Kronos employee Edvard Vann was interrogated by Kronos Police and Government officials before being released at 17:00 this evening. The apparent confusion stems from the 
TL-140,timeline,2014-01-20,TOP EVENTS WITH GASTECH,Athena Speaks,140,Athena Speaks,"A long day of the contradictory reports and muddling information finished. What we know for certain that 14 employees of GAStech missing, as confirmed by a source of government of Kronos. Currently it"
TL-145,timeline,2014-01-20,POK kidnaps to employees of GAStech,The Guide,145,The Guide,The protectors of Kronos (POK) suspect themselves to kidnap to up to fourteen employees of GAStech of their construction of the headquarters previous today. The police of Abila quickly assured the rem
TL-173,timeline,2014-01-20,To break off itself: The emergency to GAStech quarters construction [updates],Tethys News,173,Tethys News,The customer of the Vann confirmation the unofficial declaration of the police who the POK are thought suspicion like the kidnappers. Not there are still the information on who has been taken.
TL-197,timeline,2014-01-20,"INTERROGATED, SENT EMPLOYEE OF GASTECH",The Explainer,197,The Explainer,"The evident confusion comes the similarity between its name and the one from a protector of the member of Kronos. Vann, protector of security for GAStech, was furious, indicating, ""I do not have anyth"
TL-29,timeline,2014-01-20,POK Kidnaps GAStech Employees,International News,29,International News,The Protectors of Kronos (POK) are suspected of kidnapping up to fourteen GAStech employees from their headquarters building earlier today. Abila police quickly secured the building and interviewed th
TL-326,timeline,2014-01-20,WRAP UP OF EVENTS AT GASTECH,The Abila Post,326,The Abila Post,"A long tense day of conflicting reports and confusing information has come to an end. What we know for certain is that 14 GAStech employees are not only missing, but kidnapped as confirmed by a Kronos"
TL-359,timeline,2014-01-20,Breaking: Emergency at GAStech Headquarters Building [Updates],Kronos Star,359,Kronos Star,"Update, 5:30 PM: We have several reports from GAStech employees that confirm a kidnapping took place, but at this time there is no information on who was involved. Unofficial reports from the police i"
TL-397,timeline,2014-01-20,TO BECOME INVOLVED FOR ABOVE OF EVENTS IN GASTECH,The Explainer,397,The Explainer,"A long tense day of information that were in conflict and of the confused information has finished. What we know for insurance that 14 employees of GAStech lack not only, but are kidnapped according t"
TL-400,timeline,2014-01-20,To break off itself: The emergency to GAStech quarters construction [updates],Tethys News,400,Tethys News,"Update, 7:00 PM: The last one of employs of GAStech has been allowed to leave the construction. The employee, Edvard Vann, as an example that the police has interviewed it for the hours and the accusa"
TL-412,timeline,2014-01-20,ON SCENE BLOG,Modern Rubicon,412,Modern Rubicon,"1915 - to the employee Edvard Vann of GAStech ""it has been allowed to go"" after nearly six hours of the interrogation from the police, the government and the civil employees of GAStech. Vann has been "
TL-43,timeline,2014-01-20,ON SCENE BLOG,Modern Rubicon,43,Modern Rubicon,1732 - great part of the information has re-united from employs of GAStech that have been allowed to go from the point of the investigators of the police to a kidnapping of several employ you of GASte
TL-431,timeline,2014-01-20,POK Kidnaps GAStech Employees,News Online Today,431,News Online Today,"The Protectors of Kronos (POK) are suspected of kidnapping up to fourteen GAStech employees from their headquarters building earlier today. One employee, Edvard Vann of Abila, was questioned for hours"
TL-438,timeline,2014-01-20,ON THE SCENE BLOG,The Abila Post,438,The Abila Post,"1915 UPDATE - GAStech employee Edvard Vann was ""allowed to leave"" after nearly six hours of interrogation by police, government, and GAStech officials. Vann was questioned and released about fifteen m"
TL-461,timeline,2014-01-20,POK Kidnaps GAStech Employees,Kronos Star,461,Kronos Star,The Protectors of Kronos (POK) are suspected of kidnapping up to fourteen GAStech employees from their headquarters building earlier today. Abila police quickly secured the building and interviewed th
TL-466,timeline,2014-01-20,"EMPLOYEE OF QUESTIONED GASTECH, RELEASED",Athena Speaks,466,Athena Speaks,During roughly 6 hours employed Edvard Vann de GAStech - of Kronos was questioned by Kronos Police and civils servant of government before being released with 17:00 this evening. Apparent confusion co
TL-469,timeline,2014-01-20,KIDNAPPING AT GASTECH KRONOS,Who What News,469,Who What News,"After a long day of conflicting and confusing information reports are still sketchy, but the story is beginning to come clear: a Kronos Government source has confirmed up to fourteen of GAStech Intern"
TL-49,timeline,2014-01-20,KIDNAPPING AT GASTECH KRONOS,The World,49,The World,"After a long day of conflicting and confusing information reports are still sketchy, but the story is beginning to come clear: a Kronos Government source has confirmed up to fourteen of GAStech Intern"
TL-494,timeline,2014-01-20,KIDNAPPING WITH GASTECH KRONOS,The Light of Truth,494,The Light of Truth,"After a long day of the conflict and the muddling information papers are still not very precise, but the history starts to come clearly: a source of government of Kronos confirmed up to fourteen of GA"
TL-50,timeline,2014-01-20,"GASTECH EMPLOYEE INTERROGATED, RELEASED",The Abila Post,50,The Abila Post,For roughly 6 hours GAStech - Kronos employee Edvard Vann was interrogated by Kronos Police and Government officials before being released at 17:00 this evening. The apparent confusion stems from the 
TL-512,timeline,2014-01-20,"GASTECH QUESTIONED EMPLOYEE, DELIVERED",News Desk,512,News Desk,Kronos employee Edvard Vann were questioned Kronos police force and the civil servants of the government before are delivered at 17:00 tonight. Clear misfiring descends from the resemblance between it
TL-555,timeline,2014-01-20,ON THE SCENE BLOG,The Abila Post,555,The Abila Post,"1732 UPDATE - Much of the information gathered from the GAStech employees who have been allowed to leave by police investigators point to a kidnapping of several GAStech employees. However, officials "
TL-594,timeline,2014-01-20,POK removes employees of GAStech,Worldwise,594,Worldwise,The guards of Kronos (POK) are suspected to remove to fourteen employees of GAStech of their construction of registered offices earlier today. The police force of Abila quickly fixed the building and 
TL-607,timeline,2014-01-20,POK kidnap employees GAStech,The Truth,607,The Truth,The guards of Kronos (POK) become of kidnapping to fourteen employees from GAStech headquarters suspected that build in former days today. Police force of Abila protected rapidly the bldg. and intervi
TL-673,timeline,2014-01-20,WRAP UP OF EVENTS AT GASTECH,Central Bulletin,673,Central Bulletin,"A long tense day of conflicting reports and confusing information has come to an end. What we know for certain is that 14 GAStech employees are not only missing, but kidnapped as confirmed by a Kronos"
TL-674,timeline,2014-01-20,Breaking: Emergency at GAStech Headquarters Building [Updates],Kronos Star,674,Kronos Star,Vann's account confirms the unofficial police statement that the POK are suspected as the kidnappers. There is still no information on who was kidnapped.
TL-679,timeline,2014-01-20,DISAPPEARED CONFIRMED GASTECH DIRECTION,The Explainer,679,The Explainer,"Miriam Avila, administrative assistant in international GAStech, has confirmed that the members of the direction of GAStech in fact are lacking. One hoped that it arrived the reception from the govern"
TL-7,timeline,2014-01-20,WRAP UP OF EVENTS AT GASTECH,News Online Today,7,News Online Today,"A long tense day of conflicting reports and confusing information has come to an end. What we know for certain is that 14 GAStech employees are not only missing, but kidnapped as confirmed by a Kronos"
TL-761,timeline,2014-01-20,Breaking: Emergency at GAStech Headquarters Building [Updates],Kronos Star,761,Kronos Star,"Update, 7:00 PM: The last of the GAStech employees has been allowed to leave the building. The employee, Edvard Vann, said that the police interviewed him for hours and accused him of involvement in t"
TL-838,timeline,2014-01-20,To break off itself: The emergency to GAStech quarters the construction [updates],Tethys News,838,Tethys News,"Update, 5:30 PM: We have several relationships from employs of GAStech that confirm a kidnapping have happened, but currently not are the information on who. The unofficial relationships from the poli"
EVT-0177,cross_source_story,2014-01-21,DEMANDS OF THE RESCUE DONE IN THE KIDNAPPING OF GASTECH,News Online Today; The General Post; The Guide; The Truth; The Tulip; The World; Who What News,178;219;310;372;536;599;824,The General Post,"The protectors of Kronos not only have taken the responsibility from the kidnapping of the international employees of GAStech, but also they have made a demand of the rescue of $20M of the president a"
EVT-0178,cross_source_story,2014-01-21,Conference of news of catch of police force on the kidnapping of GAStech,Worldwise,274;752,Worldwise,The police force of Abila held a press conference to nine this morning on the registered offices of removal of GAStech. To maintain to the order the journalists with the current that four of the emplo
EVT-0179,cross_source_story,2014-01-21,Police Hold News Conference on GAStech Kidnapping,International News; Kronos Star; News Online Today,276;676;693,Kronos Star,The Abila police held a press conference at nine this morning on the kidnapping GAStech headquarters. Police informed reporters that four of the GAStech employees whose whereabouts were unconfirmed ye
TL-167,timeline,2014-01-21,GASTech Employees Kidnapped in Kronos,International Times,167,International Times,"Fourteen employees feared kidnapped in Kronos by a radical environmental terrorist group during a corporate gathering. Fourteen employees, including possibly five executive officers, are feared kidnap"
TL-178,timeline,2014-01-21,THE REQUIREMENTS OF THE RANSOM WHICH ARE MADE IN REMOVAL GASTECH,The Tulip,178,The Tulip,"The guards of Kronos have not only also the taken responsibility for the removal of international employees GAStech, but the ransom question of $20M of the President and CEO Sten Sanjorge, Jr. made. R"
TL-219,timeline,2014-01-21,RANSOM DEMANDS MADE IN GASTECH KIDNAPPING,News Online Today,219,News Online Today,"The Protectors of Kronos have not only taken responsibility for the kidnapping of GAStech International employees, but have also made a ransom demand of $20M from the President and CEO Sten Sanjorge, "
TL-245,timeline,2014-01-21,The employees of GASTech who are kidnapped in Kronos,The Continent,245,The Continent,"Fourteen employees feared kidnapped in Kronos by a radical environment terrorist group during itself collective collecting. Fourteen employees, among which executive civil servants perhaps five, feare"
TL-261,timeline,2014-01-21,ON THE SCENE BLOG,The Abila Post,261,The Abila Post,1245 UPDATE - RANSOM DEMANDS FROM POK - The Protectors of Kronos have released a statement claiming responsibility for the kidnapping of GAStech employees demanding a $20 million ransom.
TL-274,timeline,2014-01-21,Conference of news of catch of police force on the kidnapping of GAStech,Worldwise,274,Worldwise,The police force of Abila held a press conference to nine this morning on the registered offices of removal of GAStech. To maintain to the order the journalists with the current that four of the emplo
TL-276,timeline,2014-01-21,Police Hold News Conference on GAStech Kidnapping,International News,276,International News,The Abila police held a press conference at nine this morning on the kidnapping GAStech headquarters. Police informed reporters that four of the GAStech employees whose whereabouts were unconfirmed ye
TL-310,timeline,2014-01-21,RANSOM DEMANDS MADE IN GASTECH KIDNAPPING,Who What News,310,Who What News,"The Protectors of Kronos have not only taken responsibility for the kidnapping of GAStech International employees, but have also made a ransom demand of $20M from the President and CEO Sten Sanjorge, "
TL-372,timeline,2014-01-21,Conference of the news of the grasping of the police on the kidnapping of GAStech,The Guide,372,The Guide,The police of Abila carried out a press conference at nine this morning in the headquarters of GAStech of the kidnapping. To clean to informed reporters who four of the employees of GAStech found that
TL-396,timeline,2014-01-21,Employees of GASTech removed in Kronos,World Journal,396,World Journal,"Fourteen employees have fears removed in Kronos by a radical environmental group of terrorist during a meeting of corporation. One fears fourteen employees, probably including five executive leaders, "
TL-460,timeline,2014-01-21,Kidnapped employees of GASTech in Kronos,Everyday News,460,Everyday News,"Fourteen employees feared kidnapped in Kronos for radical an environmental group of the terrorist during a corporative meeting. They fear fourteen employees, including possibly to five executive offic"
TL-536,timeline,2014-01-21,DEMANDS OF THE RESCUE DONE IN THE KIDNAPPING OF GASTECH,The General Post,536,The General Post,"The protectors of Kronos not only have taken the responsibility from the kidnapping of the international employees of GAStech, but also they have made a demand of the rescue of $20M of the president a"
TL-598,timeline,2014-01-21,GASTech Employees Kidnapped in Kronos,News Online Today,598,News Online Today,"Fourteen employees feared kidnapped in Kronos by a radical environmental terrorist group during a corporate gathering. Fourteen employees, including possibly five executive officers, are feared kidnap"
TL-599,timeline,2014-01-21,The conference of the news of the seizure of the police force concerning removal GAStech,The Truth,599,The Truth,The police force Abila loved a press conference at nine this morning on the GAStech headquarters kidnappings. The police force communicated report donors that celebrate of whom residence was not confi
TL-693,timeline,2014-01-21,Police Hold News Conference on GAStech Kidnapping,Kronos Star,693,Kronos Star,The Abila police held a press conference at nine this morning on the kidnapping GAStech headquarters. Police informed reporters that four of the GAStech employees whose whereabouts were unconfirmed ye
TL-787,timeline,2014-01-21,GASTech Employees Kidnapped in Kronos,World Source,787,World Source,"Fourteen employees feared kidnapped in Kronos by a radical environmental terrorist group during a corporate gathering. Fourteen employees, including possibly five executive officers, are feared kidnap"
TL-822,timeline,2014-01-21,RANSOM DEMANDS MADE IN THE KIDNAPPING OF GASTECH,The Light of Truth,822,The Light of Truth,"The guards of Kronos took not only the responsability for the kidnapping of the international employees of GAStech, but also made a ransom demand of $20M starting from the president and PRESIDENT Sten"
TL-824,timeline,2014-01-21,RANSOM DEMANDS MADE IN GASTECH KIDNAPPING,The World,824,The World,"The Protectors of Kronos have not only taken responsibility for the kidnapping of GAStech International employees, but have also made a ransom demand of $20M from the President and CEO Sten Sanjorge, "
